month,town,flat_type,block,street_name,floor_area_sqm,flat_model,lease_commence_date,num_transactions,min_price,max_price,avg_price,total_price
2004-05,SEMBAWANG,5 ROOM,353A,ADMIRALTY DR,113,Improved,2002,33,244000,536000,338421,11167888
2005-01,SEMBAWANG,5 ROOM,353B,ADMIRALTY DR,110,Improved,2002,42,228500,510000,344114,14452800
2005-04,SEMBAWANG,5 ROOM,353C,ADMIRALTY DR,110,Improved,2002,30,251000,498000,358500,10755000
2005-09,SEMBAWANG,4 ROOM,354A,ADMIRALTY DR,93,Model A,2002,33,225000,512000,340242,11228000
2005-04,SEMBAWANG,5 ROOM,354B,ADMIRALTY DR,110,Improved,2001,36,228000,500000,341658,12299676
2005-05,SEMBAWANG,5 ROOM,354C,ADMIRALTY DR,113,Improved,2001,24,232000,461000,313625,7527000
2005-11,SEMBAWANG,EXECUTIVE,354D,ADMIRALTY DR,126,Apartment,2002,19,337000,553000,433053,8228000
2004-10,SEMBAWANG,4 ROOM,356A,ADMIRALTY DR,94,Premium Apartment,2001,38,221000,448000,310429,11796300
2004-08,SEMBAWANG,4 ROOM,356B,ADMIRALTY DR,95,Premium Apartment,2001,33,220000,500000,341618,11273400
2004-07,SEMBAWANG,4 ROOM,356C,ADMIRALTY DR,95,Premium Apartment,2001,41,198000,550000,323832,13277100
2004-12,SEMBAWANG,4 ROOM,357,ADMIRALTY DR,96,Premium Apartment,2001,36,223000,470000,303807,10937050
2004-02,SEMBAWANG,5 ROOM,357A,ADMIRALTY DR,110,Premium Apartment,2001,40,207750,535000,333053,13322138
2004-11,SEMBAWANG,4 ROOM,357B,ADMIRALTY DR,95,Premium Apartment,2001,36,223000,493000,328088,11811168
2004-12,SEMBAWANG,4 ROOM,357C,ADMIRALTY DR,95,Premium Apartment,2001,32,200000,445000,298375,9548000
2005-02,SEMBAWANG,4 ROOM,359,ADMIRALTY DR,94,Premium Apartment,2001,34,227000,500000,321467,10929888
2005-01,SEMBAWANG,4 ROOM,359A,ADMIRALTY DR,95,Premium Apartment,2001,33,228000,464000,317221,10468300
2005-03,SEMBAWANG,5 ROOM,359B,ADMIRALTY DR,111,Premium Apartment,2001,32,225000,498000,316525,10128800
2005-03,SEMBAWANG,4 ROOM,359C,ADMIRALTY DR,95,Premium Apartment,2001,29,208880,454000,327354,9493268
2004-12,SEMBAWANG,4 ROOM,360A,ADMIRALTY DR,94,Premium Apartment,2001,32,222000,486050,307154,9828938
2004-05,SEMBAWANG,4 ROOM,360B,ADMIRALTY DR,95,Premium Apartment,2001,40,218000,535000,312072,12482888
2004-06,SEMBAWANG,4 ROOM,360C,ADMIRALTY DR,95,Premium Apartment,2001,41,215000,437000,308009,12628388
2004-03,SEMBAWANG,4 ROOM,467,ADMIRALTY DR,102,Premium Apartment,2001,68,214188,507000,319079,21697352
2005-03,SEMBAWANG,4 ROOM,467A,ADMIRALTY DR,102,Premium Apartment,2001,62,220000,505000,313616,19444200
2005-02,SEMBAWANG,4 ROOM,467B,ADMIRALTY DR,102,Premium Apartment,2001,56,218000,490000,308386,17269600
2005-02,SEMBAWANG,EXECUTIVE,468A,ADMIRALTY DR,137,Premium Apartment,2001,36,250000,495000,368306,13259000
2005-09,SEMBAWANG,EXECUTIVE,468B,ADMIRALTY DR,137,Premium Apartment,2001,30,252000,518000,355500,10665000
2005-07,SEMBAWANG,5 ROOM,468C,ADMIRALTY DR,118,Premium Apartment,2001,28,248000,530000,396260,11095288
2005-02,SEMBAWANG,5 ROOM,468D,ADMIRALTY DR,118,Premium Apartment,2001,23,260000,525000,367508,8452688
2005-01,SEMBAWANG,4 ROOM,469,ADMIRALTY DR,102,Premium Apartment,2001,55,212000,448000,305749,16816200
2005-04,SEMBAWANG,4 ROOM,469A,ADMIRALTY DR,102,Premium Apartment,2001,59,225000,511000,322952,19054188
2005-03,SEMBAWANG,4 ROOM,469B,ADMIRALTY DR,102,Premium Apartment,2001,67,209000,522000,324972,21773100
2004-09,SEMBAWANG,4 ROOM,401,ADMIRALTY LINK,90,Model A,2001,43,207000,440000,305532,13137888
2004-11,SEMBAWANG,4 ROOM,402,ADMIRALTY LINK,90,Model A,2001,40,170000,442000,316172,12646888
2004-08,SEMBAWANG,4 ROOM,403,ADMIRALTY LINK,90,Model A,2001,31,190000,455000,287150,8901637
2005-02,SEMBAWANG,4 ROOM,404,ADMIRALTY LINK,91,Model A,2001,42,202000,425000,277507,11655300
2004-06,SEMBAWANG,4 ROOM,405,ADMIRALTY LINK,90,Model A2,2001,63,188000,380000,255222,16078966
2006-09,SEMBAWANG,4 ROOM,482,ADMIRALTY LINK,87,Model A2,2004,41,211000,386000,292210,11980600
2008-05,SEMBAWANG,5 ROOM,483,ADMIRALTY LINK,110,Improved,2004,41,273000,453000,359266,14729888
2006-12,SEMBAWANG,5 ROOM,484,ADMIRALTY LINK,110,Improved,2003,77,215000,446000,320267,24660576
2006-09,SEMBAWANG,4 ROOM,485,ADMIRALTY LINK,85,Model A2,2003,59,204000,397000,262339,15478000
2006-12,SEMBAWANG,4 ROOM,486,ADMIRALTY LINK,91,Model A,2004,48,206000,457500,309689,14865076
2006-10,SEMBAWANG,4 ROOM,491,ADMIRALTY LINK,91,Model A,2004,60,230000,440000,323480,19408776
2007-03,SEMBAWANG,4 ROOM,492,ADMIRALTY LINK,91,Model A,2004,47,228000,450000,336365,15809168
2007-02,SEMBAWANG,4 ROOM,493,ADMIRALTY LINK,90,Model A,2004,42,235000,445000,335924,14108800
2000-01,KALLANG/WHAMPOA,5 ROOM,101,AH HOOD RD,118,Improved,1981,35,340000,615000,412223,14427800
2000-03,KALLANG/WHAMPOA,5 ROOM,103,AH HOOD RD,118,Improved,1981,23,360000,545000,425065,9776500
2000-01,GEYLANG,3 ROOM,101,ALJUNIED CRES,67,New Generation,1978,94,135000,357000,205449,19312189
2000-01,GEYLANG,3 ROOM,102,ALJUNIED CRES,67,New Generation,1978,59,131000,425000,210495,12419200
2000-01,GEYLANG,4 ROOM,104,ALJUNIED CRES,92,New Generation,1978,35,228000,470000,303325,10616388
2000-02,GEYLANG,5 ROOM,105,ALJUNIED CRES,121,Improved,1979,20,270000,485000,359350,7187000
2000-01,GEYLANG,3 ROOM,106,ALJUNIED CRES,67,New Generation,1979,74,147000,456000,217782,16115868
2000-08,GEYLANG,4 ROOM,107,ALJUNIED CRES,91,New Generation,1981,27,227000,458000,312130,8427500
2000-01,GEYLANG,3 ROOM,108,ALJUNIED CRES,68,New Generation,1981,67,138000,581000,215709,14452500
2000-02,GEYLANG,2 ROOM,109,ALJUNIED CRES,45,Improved,1986,109,75000,333800,158896,17319700
2000-02,GEYLANG,5 ROOM,110,ALJUNIED CRES,121,Improved,1980,31,251000,550000,380954,11809576
2000-01,GEYLANG,3 ROOM,111,ALJUNIED CRES,67,New Generation,1978,58,136500,411000,220272,12775800
2000-02,GEYLANG,3 ROOM,112,ALJUNIED CRES,67,New Generation,1980,47,143000,580000,225954,10619818
2000-05,GEYLANG,3 ROOM,95,ALJUNIED CRES,65,Improved,1975,79,140000,352000,206952,16349176
2005-06,GEYLANG,2 ROOM,96,ALJUNIED CRES,45,Improved,1979,26,100000,237000,174923,4548000
2000-02,GEYLANG,3 ROOM,97,ALJUNIED CRES,65,Improved,1975,68,137000,500000,213596,14524500
2000-01,GEYLANG,3 ROOM,98,ALJUNIED CRES,65,Improved,1975,60,138000,548000,215044,12902660
2000-03,GEYLANG,3 ROOM,99,ALJUNIED CRES,67,New Generation,1978,77,138000,448000,219289,16885263
2000-01,GEYLANG,5 ROOM,125,ALJUNIED RD,121,Improved,1983,25,302500,585000,403980,10099500
2000-01,GEYLANG,5 ROOM,126,ALJUNIED RD,121,Improved,1983,29,325000,598000,401493,11643300
2005-04,SENGKANG,4 ROOM,301A,ANCHORVALE DR,90,Model A,2001,20,241500,507000,341075,6821500
2005-07,SENGKANG,5 ROOM,301B,ANCHORVALE DR,110,Improved,2001,30,228000,525000,329080,9872388
2005-10,SENGKANG,4 ROOM,301C,ANCHORVALE DR,90,Model A,2001,36,230000,493888,334682,12048538
2005-09,SENGKANG,5 ROOM,301D,ANCHORVALE DR,110,Improved,2001,26,233000,450000,341423,8877000
2006-09,SENGKANG,4 ROOM,319A,ANCHORVALE DR,90,Model A,2002,29,243000,538000,366172,10619000
2005-09,SENGKANG,5 ROOM,319B,ANCHORVALE DR,110,Improved,2002,43,220000,543000,358753,15426388
2006-03,SENGKANG,5 ROOM,319C,ANCHORVALE DR,110,Improved,2002,43,234500,551000,372774,16029276
2005-11,SENGKANG,4 ROOM,320A,ANCHORVALE DR,87,Model A2,2002,22,219000,405000,289927,6378398
2006-01,SENGKANG,4 ROOM,320B,ANCHORVALE DR,90,Model A,2002,24,224000,485000,346824,8323776
2006-11,SENGKANG,EXECUTIVE,320C,ANCHORVALE DR,125,Apartment,2002,11,350000,620000,504364,5548000
2006-03,SENGKANG,5 ROOM,320D,ANCHORVALE DR,110,Improved,2002,20,262500,580000,396069,7921388
2006-03,SENGKANG,5 ROOM,321A,ANCHORVALE DR,110,Improved,2002,26,240000,540000,378404,9838500
2005-12,SENGKANG,4 ROOM,321B,ANCHORVALE DR,90,Model A,2002,36,220000,548000,350953,12634300
2005-08,SENGKANG,5 ROOM,321C,ANCHORVALE DR,110,Improved,2002,27,228000,542000,349382,9433301
2005-07,SENGKANG,4 ROOM,322A,ANCHORVALE DR,86,Model A2,2002,43,220000,450000,310156,13336696
2005-11,SENGKANG,4 ROOM,322B,ANCHORVALE DR,91,Model A,2002,19,245000,565000,372316,7074000
2005-09,SENGKANG,5 ROOM,322C,ANCHORVALE DR,110,Improved,2002,17,225000,426000,337206,5732500
2005-06,SENGKANG,4 ROOM,311A,ANCHORVALE LANE,90,Premium Apartment,2002,36,220000,500000,343653,12371500
2006-04,SENGKANG,4 ROOM,311B,ANCHORVALE LANE,95,Premium Apartment,2002,40,242000,506000,348650,13945980
2005-03,SENGKANG,5 ROOM,311C,ANCHORVALE LANE,111,Premium Apartment,2002,33,230000,495000,332581,10975188
2006-03,SENGKANG,4 ROOM,311D,ANCHORVALE LANE,95,Premium Apartment,2002,36,232000,478000,341727,12302164
2007-08,SENGKANG,5 ROOM,312A,ANCHORVALE LANE,113,Premium Apartment,2002,25,320000,570000,436408,10910200
2006-02,SENGKANG,5 ROOM,312B,ANCHORVALE LANE,113,Premium Apartment,2002,36,285000,600000,452787,16300334
2004-08,SENGKANG,5 ROOM,302A,ANCHORVALE LINK,110,Improved,2001,21,240000,493000,345209,7249388
2010-02,SENGKANG,EXECUTIVE,302C,ANCHORVALE LINK,130,Apartment,2001,3,496000,617000,546667,1640000
2006-07,SENGKANG,EXECUTIVE,302D,ANCHORVALE LINK,130,Apartment,2001,5,350000,588000,503200,2516000
2005-01,SENGKANG,4 ROOM,303A,ANCHORVALE LINK,90,Model A,2001,40,222000,490000,328710,13148388
2004-11,SENGKANG,4 ROOM,303B,ANCHORVALE LINK,86,Model A2,2001,73,207800,450000,277359,20247198
2005-03,SENGKANG,4 ROOM,303C,ANCHORVALE LINK,88,Model A2,2001,62,200000,428000,280184,17371388
2005-11,SENGKANG,4 ROOM,304A,ANCHORVALE LINK,90,Model A,2002,39,220000,548000,350177,13656888
2005-09,SENGKANG,4 ROOM,304B,ANCHORVALE LINK,90,Model A,2001,30,225000,485000,338923,10167688
2005-07,SENGKANG,4 ROOM,305A,ANCHORVALE LINK,90,Model A,2002,32,230000,435000,324931,10397800
2005-08,SENGKANG,4 ROOM,305B,ANCHORVALE LINK,90,Model A,2001,28,215000,462888,339406,9503364
2005-07,SENGKANG,4 ROOM,305C,ANCHORVALE LINK,90,Model A,2001,38,233000,495000,338566,12865500
2005-06,SENGKANG,5 ROOM,305D,ANCHORVALE LINK,110,Improved,2002,32,200000,490000,325959,10430688
2005-11,SENGKANG,4 ROOM,306A,ANCHORVALE LINK,90,Model A,2002,28,191000,538000,355042,9941164
2008-10,SENGKANG,EXECUTIVE,306B,ANCHORVALE LINK,128,Apartment,2001,8,455000,575000,523500,4188000
2005-07,SENGKANG,4 ROOM,306C,ANCHORVALE LINK,90,Model A,2002,53,220000,525000,330151,17498000
2006-07,SENGKANG,5 ROOM,314A,ANCHORVALE LINK,110,Premium Apartment,2003,27,262000,515000,387370,10459000
2006-04,SENGKANG,5 ROOM,314B,ANCHORVALE LINK,110,Premium Apartment,2003,30,244000,548000,364850,10945501
2006-04,SENGKANG,5 ROOM,314C,ANCHORVALE LINK,110,Premium Apartment,2003,26,240000,538000,384803,10004880
2007-02,SENGKANG,4 ROOM,314D,ANCHORVALE LINK,92,Premium Apartment,2003,18,242000,585000,443327,7979888
2006-07,SENGKANG,5 ROOM,316A,ANCHORVALE LINK,110,Premium Apartment,2003,23,299000,650000,431391,9922000
2007-04,SENGKANG,5 ROOM,316B,ANCHORVALE LINK,110,Premium Apartment,2003,21,314000,595000,461262,9686500
2007-09,SENGKANG,5 ROOM,316C,ANCHORVALE LINK,110,Premium Apartment,2003,28,361000,578000,458739,12844688
2006-05,SENGKANG,5 ROOM,318A,ANCHORVALE LINK,111,Premium Apartment,2003,22,270000,552000,405722,8925888
2007-02,SENGKANG,5 ROOM,318B,ANCHORVALE LINK,110,Premium Apartment,2003,26,288000,555000,404808,10525000
2006-05,SENGKANG,5 ROOM,318C,ANCHORVALE LINK,110,Premium Apartment,2003,30,256000,505000,398100,11942988
2006-08,SENGKANG,4 ROOM,318D,ANCHORVALE LINK,92,Premium Apartment,2003,23,246000,467000,382169,8789888
2005-05,SENGKANG,4 ROOM,307A,ANCHORVALE RD,90,Model A,2001,24,222000,500000,311662,7479888
2010-03,SENGKANG,EXECUTIVE,307B,ANCHORVALE RD,128,Apartment,2001,7,480000,600000,557413,3901888
2005-06,SENGKANG,4 ROOM,307C,ANCHORVALE RD,90,Model A,2001,38,222000,512000,343586,13056276
2005-08,SENGKANG,4 ROOM,307D,ANCHORVALE RD,90,Model A,2001,35,226000,485000,317739,11120876
2005-08,SENGKANG,4 ROOM,308A,ANCHORVALE RD,90,Model A,2002,39,230000,450000,331623,12933308
2005-08,SENGKANG,4 ROOM,308B,ANCHORVALE RD,90,Model A,2001,43,227000,525000,352337,15150500
2005-08,SENGKANG,5 ROOM,308C,ANCHORVALE RD,110,Improved,2002,40,222000,522500,330439,13217576
2005-12,SENGKANG,4 ROOM,309A,ANCHORVALE RD,90,Premium Apartment,2002,33,225000,474000,348194,11490388
2006-02,SENGKANG,4 ROOM,309B,ANCHORVALE RD,95,Premium Apartment,2002,36,242000,485000,350144,12605186
2005-12,SENGKANG,4 ROOM,309C,ANCHORVALE RD,93,Premium Apartment,2002,35,220000,475000,329943,11548000
2006-03,SENGKANG,4 ROOM,309D,ANCHORVALE RD,90,Premium Apartment,2002,30,233000,486000,326440,9793188
2006-07,SENGKANG,5 ROOM,310A,ANCHORVALE RD,113,Premium Apartment,2003,23,281000,630000,454087,10444000
2006-08,SENGKANG,5 ROOM,310B,ANCHORVALE RD,113,Premium Apartment,2003,26,280688,570000,423865,11020488
2006-07,SENGKANG,5 ROOM,313A,ANCHORVALE RD,110,Premium Apartment,2003,19,246000,524000,351547,6679388
2006-05,SENGKANG,4 ROOM,313B,ANCHORVALE RD,92,Premium Apartment,2003,39,245500,522000,390103,15214021
2006-10,SENGKANG,4 ROOM,313C,ANCHORVALE RD,92,Premium Apartment,2003,26,241000,520000,387192,10067000
2007-06,SENGKANG,4 ROOM,313D,ANCHORVALE RD,92,Premium Apartment,2003,17,267000,636000,487176,8282000
2007-05,SENGKANG,EXECUTIVE,315A,ANCHORVALE RD,125,Premium Apartment,2003,24,335000,638300,471838,11324100
2007-03,SENGKANG,5 ROOM,315B,ANCHORVALE RD,110,Premium Apartment,2003,23,332800,655000,464165,10675800
2006-03,SENGKANG,EXECUTIVE,315C,ANCHORVALE RD,125,Premium Apartment,2003,28,308000,600000,447964,12543000
2006-06,SENGKANG,4 ROOM,317A,ANCHORVALE RD,92,Premium Apartment,2003,26,245000,540000,369269,9601000
2006-06,SENGKANG,5 ROOM,317B,ANCHORVALE RD,110,Premium Apartment,2003,36,238000,495000,359547,12943688
2005-11,SENGKANG,5 ROOM,317C,ANCHORVALE RD,110,Premium Apartment,2003,26,260000,540000,384388,9994100
2006-07,SENGKANG,4 ROOM,317D,ANCHORVALE RD,92,Premium Apartment,2003,26,229700,550000,412796,10732700
2000-03,ANG MO KIO,4 ROOM,205,ANG MO KIO AVE 1,98,New Generation,1977,29,196000,374000,249890,7246800
2000-02,ANG MO KIO,4 ROOM,207,ANG MO KIO AVE 1,97,New Generation,1976,26,205000,360000,258654,6725000
2000-03,ANG MO KIO,3 ROOM,208,ANG MO KIO AVE 1,73,New Generation,1976,43,138800,395000,232579,10000900
2000-01,ANG MO KIO,3 ROOM,215,ANG MO KIO AVE 1,73,New Generation,1976,61,136000,413800,221383,13504376
2000-01,ANG MO KIO,3 ROOM,216,ANG MO KIO AVE 1,73,New Generation,1976,77,125000,398000,214663,16529076
2000-01,ANG MO KIO,3 ROOM,218,ANG MO KIO AVE 1,67,New Generation,1976,77,130000,375000,193125,14870600
2000-02,ANG MO KIO,4 ROOM,219,ANG MO KIO AVE 1,92,New Generation,1977,62,137000,430000,214653,13308500
2000-02,ANG MO KIO,3 ROOM,220,ANG MO KIO AVE 1,67,New Generation,1977,59,133500,455000,203634,12014388
2000-01,ANG MO KIO,5 ROOM,221,ANG MO KIO AVE 1,127,Improved,1993,36,228000,468000,338347,12180500
2000-01,ANG MO KIO,4 ROOM,222,ANG MO KIO AVE 1,112,Model A,1993,30,220000,498000,323017,9690500
2000-03,ANG MO KIO,4 ROOM,223,ANG MO KIO AVE 1,92,New Generation,1978,73,125000,382888,216082,15773964
2000-02,ANG MO KIO,3 ROOM,225,ANG MO KIO AVE 1,82,New Generation,1978,86,128000,417888,198018,17029588
2000-01,ANG MO KIO,4 ROOM,226,ANG MO KIO AVE 1,91,New Generation,1978,29,203000,460000,261152,7573400
2009-10,ANG MO KIO,3 ROOM,226B,ANG MO KIO AVE 1,66,Improved,1994,1,222500,222500,222500,222500
2000-03,ANG MO KIO,4 ROOM,303,ANG MO KIO AVE 1,97,New Generation,1977,40,228000,498000,324378,12975100
2000-01,ANG MO KIO,4 ROOM,304,ANG MO KIO AVE 1,97,New Generation,1977,38,212000,520000,322600,12258800
2000-03,ANG MO KIO,4 ROOM,305,ANG MO KIO AVE 1,97,New Generation,1977,36,255000,555000,354342,12756300
2000-01,ANG MO KIO,5 ROOM,306,ANG MO KIO AVE 1,123,Standard,1977,44,255000,563000,382677,16837800
2000-03,ANG MO KIO,3 ROOM,319,ANG MO KIO AVE 1,88,New Generation,1977,85,134800,538000,251942,21415068
2000-01,ANG MO KIO,3 ROOM,320,ANG MO KIO AVE 1,73,New Generation,1977,62,146000,470000,257319,15953776
2000-02,ANG MO KIO,3 ROOM,321,ANG MO KIO AVE 1,73,New Generation,1977,62,135000,443000,248385,15399888
2000-01,ANG MO KIO,3 ROOM,330,ANG MO KIO AVE 1,68,New Generation,1981,106,135000,415000,217586,23064164
2000-02,ANG MO KIO,3 ROOM,331,ANG MO KIO AVE 1,82,New Generation,1981,127,128000,408000,221646,28148988
2000-01,ANG MO KIO,3 ROOM,332,ANG MO KIO AVE 1,82,New Generation,1981,109,129000,625000,212171,23126676
2000-01,ANG MO KIO,3 ROOM,333,ANG MO KIO AVE 1,68,New Generation,1981,96,134000,402000,209753,20136288
2000-07,ANG MO KIO,4 ROOM,334,ANG MO KIO AVE 1,92,New Generation,1982,28,213000,410000,265828,7443188
2000-05,ANG MO KIO,4 ROOM,335,ANG MO KIO AVE 1,91,New Generation,1982,29,190000,488000,285034,8266000
2000-01,ANG MO KIO,4 ROOM,336,ANG MO KIO AVE 1,91,New Generation,1982,39,208000,480000,275048,10726868
2000-01,ANG MO KIO,4 ROOM,337,ANG MO KIO AVE 1,91,New Generation,1982,30,205000,435000,269317,8079500
2010-08,ANG MO KIO,3 ROOM,338,ANG MO KIO AVE 1,66,Improved,1981,1,293000,293000,293000,293000
2010-04,ANG MO KIO,3 ROOM,340,ANG MO KIO AVE 1,66,Improved,1981,3,260000,278000,269333,808000
2000-02,ANG MO KIO,5 ROOM,401,ANG MO KIO AVE 10,119,Improved,1979,31,310000,585000,398429,12351300
2000-01,ANG MO KIO,5 ROOM,402,ANG MO KIO AVE 10,119,Improved,1979,23,318000,502000,371696,8549000
2000-02,ANG MO KIO,3 ROOM,403,ANG MO KIO AVE 10,82,New Generation,1979,54,125000,540000,199870,10793000
2000-01,ANG MO KIO,3 ROOM,404,ANG MO KIO AVE 10,67,New Generation,1979,47,130050,418000,200022,9401050
2000-04,ANG MO KIO,3 ROOM,405,ANG MO KIO AVE 10,67,New Generation,1979,64,132000,440000,213153,13641800
2004-09,ANG MO KIO,2 ROOM,406,ANG MO KIO AVE 10,44,Improved,1979,33,100000,273000,149358,4928800
2007-12,ANG MO KIO,3 ROOM,407,ANG MO KIO AVE 10,68,New Generation,1980,1,183000,183000,183000,183000
2000-02,ANG MO KIO,3 ROOM,408,ANG MO KIO AVE 10,68,New Generation,1980,3,128000,195500,154167,462500
2000-03,ANG MO KIO,4 ROOM,411,ANG MO KIO AVE 10,92,New Generation,1979,17,218000,443000,276959,4708300
2000-10,ANG MO KIO,4 ROOM,412,ANG MO KIO AVE 10,92,New Generation,1979,31,213000,423000,269726,8361509
2000-03,ANG MO KIO,4 ROOM,413,ANG MO KIO AVE 10,92,New Generation,1979,38,195000,490000,266907,10142476
2000-02,ANG MO KIO,4 ROOM,414,ANG MO KIO AVE 10,92,New Generation,1979,43,212000,450000,271623,11679800
2000-04,ANG MO KIO,4 ROOM,415,ANG MO KIO AVE 10,92,New Generation,1979,70,205100,450000,272949,19106400
2000-01,ANG MO KIO,4 ROOM,416,ANG MO KIO AVE 10,99,New Generation,1979,78,136000,585000,215556,16813387
2000-01,ANG MO KIO,3 ROOM,417,ANG MO KIO AVE 10,74,New Generation,1979,108,132000,464000,215768,23302926
2000-01,ANG MO KIO,3 ROOM,418,ANG MO KIO AVE 10,74,New Generation,1979,115,133000,558888,214702,24690764
2000-01,ANG MO KIO,3 ROOM,419,ANG MO KIO AVE 10,74,New Generation,1979,91,130000,800000,214980,19563187
2000-01,ANG MO KIO,3 ROOM,421,ANG MO KIO AVE 10,74,New Generation,1979,89,125000,498000,212197,18885500
2000-04,ANG MO KIO,5 ROOM,431,ANG MO KIO AVE 10,119,Improved,1979,37,295000,575000,405643,15008800
2000-01,ANG MO KIO,3 ROOM,432,ANG MO KIO AVE 10,67,New Generation,1979,43,140000,435000,224097,9636188
2000-01,ANG MO KIO,3 ROOM,433,ANG MO KIO AVE 10,67,New Generation,1979,57,134000,342000,195111,11121299
2000-01,ANG MO KIO,3 ROOM,434,ANG MO KIO AVE 10,67,New Generation,1979,54,133000,420000,225685,12186988
2000-01,ANG MO KIO,3 ROOM,435,ANG MO KIO AVE 10,67,New Generation,1979,86,128000,458000,213694,18377688
2000-01,ANG MO KIO,4 ROOM,436,ANG MO KIO AVE 10,92,New Generation,1979,37,203000,455000,274135,10143000
2000-01,ANG MO KIO,5 ROOM,437,ANG MO KIO AVE 10,119,Improved,1979,40,310000,598000,407892,16315688
2000-02,ANG MO KIO,4 ROOM,438,ANG MO KIO AVE 10,92,New Generation,1979,34,205500,421500,267044,9079488
2000-03,ANG MO KIO,5 ROOM,439,ANG MO KIO AVE 10,119,Improved,1979,48,300000,640000,414308,19886800
2000-01,ANG MO KIO,3 ROOM,440,ANG MO KIO AVE 10,67,New Generation,1979,95,125000,350000,206418,19609664
2000-02,ANG MO KIO,3 ROOM,441,ANG MO KIO AVE 10,67,New Generation,1979,76,128000,415000,205566,15623038
2000-02,ANG MO KIO,3 ROOM,442,ANG MO KIO AVE 10,67,New Generation,1979,110,130000,430000,204246,22467088
2000-01,ANG MO KIO,3 ROOM,443,ANG MO KIO AVE 10,67,New Generation,1979,100,130000,405000,191981,19198076
2000-02,ANG MO KIO,3 ROOM,444,ANG MO KIO AVE 10,82,New Generation,1979,111,125000,341000,193937,21527000
2000-01,ANG MO KIO,3 ROOM,445,ANG MO KIO AVE 10,67,New Generation,1979,110,135000,351500,190962,21005815
2000-01,ANG MO KIO,3 ROOM,446,ANG MO KIO AVE 10,68,New Generation,1979,13,136800,310000,189138,2458800
2000-01,ANG MO KIO,3 ROOM,447,ANG MO KIO AVE 10,68,New Generation,1979,14,140000,349000,199900,2798600
2001-03,ANG MO KIO,3 ROOM,448,ANG MO KIO AVE 10,68,New Generation,1979,12,131000,290000,188917,2267000
2000-04,ANG MO KIO,4 ROOM,449,ANG MO KIO AVE 10,94,New Generation,1979,14,136000,295000,206857,2896000
2000-02,ANG MO KIO,3 ROOM,450,ANG MO KIO AVE 10,68,New Generation,1979,18,109000,313000,210861,3795500
2002-08,ANG MO KIO,3 ROOM,451,ANG MO KIO AVE 10,83,New Generation,1979,4,160500,246000,195125,780500
2000-02,ANG MO KIO,3 ROOM,452,ANG MO KIO AVE 10,68,New Generation,1979,17,132000,348000,191123,3249088
2001-06,ANG MO KIO,3 ROOM,453,ANG MO KIO AVE 10,68,New Generation,1979,5,135000,307500,207300,1036500
2000-03,ANG MO KIO,3 ROOM,456,ANG MO KIO AVE 10,74,New Generation,1980,77,136000,410000,206571,15906000
2000-05,ANG MO KIO,3 ROOM,457,ANG MO KIO AVE 10,74,New Generation,1980,110,130000,411188,200753,22082776
2000-04,ANG MO KIO,5 ROOM,458,ANG MO KIO AVE 10,120,Improved,1980,47,304500,580000,386761,18177776
2000-02,ANG MO KIO,5 ROOM,459,ANG MO KIO AVE 10,120,Improved,1980,39,281000,515000,374815,14617800
2000-04,ANG MO KIO,5 ROOM,460,ANG MO KIO AVE 10,120,Improved,1980,40,294500,581000,380572,15222900
2000-04,ANG MO KIO,3 ROOM,461,ANG MO KIO AVE 10,82,New Generation,1980,66,133000,365000,210270,13877800
2000-01,ANG MO KIO,3 ROOM,462,ANG MO KIO AVE 10,68,New Generation,1980,61,133000,382000,202150,12331168
2000-01,ANG MO KIO,3 ROOM,463,ANG MO KIO AVE 10,68,New Generation,1980,112,134000,415000,210804,23610050
2000-11,ANG MO KIO,3 ROOM,464,ANG MO KIO AVE 10,68,New Generation,1980,12,141000,278000,208017,2496200
2000-02,ANG MO KIO,3 ROOM,465,ANG MO KIO AVE 10,68,New Generation,1980,95,129000,400000,198819,18887850
2000-03,ANG MO KIO,3 ROOM,466,ANG MO KIO AVE 10,82,New Generation,1984,94,132500,329000,185781,17463376
2000-04,ANG MO KIO,4 ROOM,467,ANG MO KIO AVE 10,92,New Generation,1979,48,205000,438000,269175,12920400
2000-02,ANG MO KIO,3 ROOM,468,ANG MO KIO AVE 10,67,New Generation,1979,36,130000,334000,175997,6335888
2000-01,ANG MO KIO,4 ROOM,470,ANG MO KIO AVE 10,92,New Generation,1979,42,211000,435000,277329,11647800
2000-01,ANG MO KIO,3 ROOM,471,ANG MO KIO AVE 10,67,New Generation,1979,125,113000,405000,204630,25578788
2000-01,ANG MO KIO,4 ROOM,472,ANG MO KIO AVE 10,92,New Generation,1979,72,175000,431800,270979,19510488
2000-01,ANG MO KIO,3 ROOM,473,ANG MO KIO AVE 10,67,New Generation,1984,71,135000,545000,213246,15140488
2000-02,ANG MO KIO,3 ROOM,474,ANG MO KIO AVE 10,67,New Generation,1984,79,133800,373000,201001,15879080
2000-01,ANG MO KIO,3 ROOM,475,ANG MO KIO AVE 10,82,New Generation,1979,67,131000,402000,216854,14529200
2000-01,ANG MO KIO,3 ROOM,476,ANG MO KIO AVE 10,67,New Generation,1979,67,130000,450000,209768,14054476
2000-03,ANG MO KIO,3 ROOM,530,ANG MO KIO AVE 10,69,New Generation,1980,2,140000,155000,147500,295000
2003-01,ANG MO KIO,3 ROOM,532,ANG MO KIO AVE 10,69,New Generation,1980,3,132000,238000,176000,528000
2000-02,ANG MO KIO,3 ROOM,534,ANG MO KIO AVE 10,68,New Generation,1980,100,133000,394000,196294,19629448
2000-02,ANG MO KIO,3 ROOM,536,ANG MO KIO AVE 10,68,New Generation,1980,77,128000,368000,202597,15599950
2000-01,ANG MO KIO,5 ROOM,539,ANG MO KIO AVE 10,118,Improved,1980,30,300000,525000,393827,11814800
2000-04,ANG MO KIO,3 ROOM,540,ANG MO KIO AVE 10,68,New Generation,1981,113,128000,552000,224188,25333226
2000-01,ANG MO KIO,3 ROOM,541,ANG MO KIO AVE 10,82,New Generation,1981,111,136500,425000,207820,23068026
2000-02,ANG MO KIO,3 ROOM,542,ANG MO KIO AVE 10,68,New Generation,1981,76,142000,385000,208342,15833968
2000-04,ANG MO KIO,4 ROOM,543,ANG MO KIO AVE 10,92,New Generation,1981,45,205000,440000,273700,12316500
2000-02,ANG MO KIO,4 ROOM,544,ANG MO KIO AVE 10,92,New Generation,1981,31,206000,448000,276542,8572800
2000-01,ANG MO KIO,5 ROOM,545,ANG MO KIO AVE 10,118,Improved,1981,43,275000,610000,402499,17307452
2000-03,ANG MO KIO,4 ROOM,546,ANG MO KIO AVE 10,92,New Generation,1981,23,206000,447000,267865,6160888
2000-03,ANG MO KIO,4 ROOM,547,ANG MO KIO AVE 10,92,New Generation,1981,61,200000,420000,265705,16208000
2001-07,ANG MO KIO,3 ROOM,548,ANG MO KIO AVE 10,68,New Generation,1981,7,139000,348000,200000,1400000
2000-03,ANG MO KIO,4 ROOM,549,ANG MO KIO AVE 10,93,New Generation,1981,57,136500,420000,218596,12460000
2000-03,ANG MO KIO,4 ROOM,550,ANG MO KIO AVE 10,93,New Generation,1981,84,136000,550000,224084,18823088
2000-07,ANG MO KIO,5 ROOM,551,ANG MO KIO AVE 10,118,Improved,1981,40,300000,551000,402558,16102300
2000-03,ANG MO KIO,5 ROOM,552,ANG MO KIO AVE 10,119,Improved,1980,46,290000,575000,376696,17328008
2000-02,ANG MO KIO,5 ROOM,553,ANG MO KIO AVE 10,119,Improved,1980,40,302000,608000,410100,16404000
2000-03,ANG MO KIO,3 ROOM,554,ANG MO KIO AVE 10,82,New Generation,1981,13,105000,358000,207000,2691000
2001-07,ANG MO KIO,3 ROOM,555,ANG MO KIO AVE 10,82,New Generation,1980,4,148000,225000,185750,743000
2000-02,ANG MO KIO,3 ROOM,556,ANG MO KIO AVE 10,68,New Generation,1980,72,130000,393000,208690,15025700
2000-01,ANG MO KIO,3 ROOM,557,ANG MO KIO AVE 10,68,New Generation,1980,110,130000,435000,201765,22194176
2000-01,ANG MO KIO,3 ROOM,558,ANG MO KIO AVE 10,67,New Generation,1980,107,130000,348000,198676,21258376
2000-04,ANG MO KIO,3 ROOM,559,ANG MO KIO AVE 10,68,New Generation,1980,93,135000,402000,204697,19036788
2000-01,ANG MO KIO,3 ROOM,560,ANG MO KIO AVE 10,67,New Generation,1980,124,133000,440000,214539,26602864
2000-01,ANG MO KIO,3 ROOM,561,ANG MO KIO AVE 10,68,New Generation,1980,95,133000,423888,195293,18552876
2000-02,ANG MO KIO,3 ROOM,575,ANG MO KIO AVE 10,67,New Generation,1980,63,136500,398000,215087,13550488
2000-03,ANG MO KIO,3 ROOM,576,ANG MO KIO AVE 10,67,New Generation,1980,69,134000,475200,221706,15297708
2000-01,ANG MO KIO,3 ROOM,577,ANG MO KIO AVE 10,67,New Generation,1980,66,119000,528000,225433,14878600
2000-02,ANG MO KIO,3 ROOM,578,ANG MO KIO AVE 10,67,New Generation,1980,73,138500,755000,231800,16921388
2000-01,ANG MO KIO,3 ROOM,248,ANG MO KIO AVE 2,67,New Generation,1978,63,130000,338000,174000,10962000
2000-01,ANG MO KIO,5 ROOM,259,ANG MO KIO AVE 2,135,Model A,1982,37,338000,650000,446420,16517552
2000-05,ANG MO KIO,5 ROOM,101,ANG MO KIO AVE 3,117,Standard,1978,26,245000,478000,319492,8306800
2000-01,ANG MO KIO,4 ROOM,102,ANG MO KIO AVE 3,106,Model A,1993,28,238800,553000,307928,8621988
2000-01,ANG MO KIO,4 ROOM,103,ANG MO KIO AVE 3,89,New Generation,1978,87,136800,488000,214232,18638188
2000-04,ANG MO KIO,3 ROOM,119,ANG MO KIO AVE 3,67,New Generation,1978,82,130000,530000,197877,16225888
2000-01,ANG MO KIO,3 ROOM,120,ANG MO KIO AVE 3,67,New Generation,1978,64,142000,605000,231259,14800588
2000-01,ANG MO KIO,3 ROOM,121,ANG MO KIO AVE 3,82,New Generation,1978,108,135000,580000,218646,23613738
2000-03,ANG MO KIO,4 ROOM,122,ANG MO KIO AVE 3,92,New Generation,1978,74,140500,399000,225236,16667488
2000-04,ANG MO KIO,4 ROOM,126,ANG MO KIO AVE 3,92,New Generation,1978,78,135000,615000,226604,17675100
2000-01,ANG MO KIO,3 ROOM,127,ANG MO KIO AVE 3,67,New Generation,1978,84,138000,365000,207234,17407676
2000-05,ANG MO KIO,3 ROOM,128,ANG MO KIO AVE 3,82,New Generation,1978,63,142000,570000,231152,14562568
2000-01,ANG MO KIO,3 ROOM,129,ANG MO KIO AVE 3,73,New Generation,1979,112,145000,598000,222819,24955736
2000-02,ANG MO KIO,3 ROOM,130,ANG MO KIO AVE 3,88,New Generation,1979,101,142000,580000,228195,23047652
2000-06,ANG MO KIO,4 ROOM,131,ANG MO KIO AVE 3,98,New Generation,1979,29,230000,456000,292931,8495000
2000-02,ANG MO KIO,5 ROOM,132,ANG MO KIO AVE 3,123,Standard,1979,33,257000,550000,356121,11752000
2000-09,ANG MO KIO,3 ROOM,133,ANG MO KIO AVE 3,73,New Generation,1979,10,150500,356000,214900,2149000
2000-02,ANG MO KIO,4 ROOM,134,ANG MO KIO AVE 3,98,New Generation,1978,47,205000,471000,293430,13791230
2000-05,ANG MO KIO,3 ROOM,201,ANG MO KIO AVE 3,81,New Generation,1977,56,133500,436000,203994,11423680
2000-04,ANG MO KIO,3 ROOM,202,ANG MO KIO AVE 3,67,New Generation,1977,76,132000,600000,206807,15717368
2000-06,ANG MO KIO,4 ROOM,204,ANG MO KIO AVE 3,92,New Generation,1977,26,198000,453000,263992,6863800
2000-08,ANG MO KIO,4 ROOM,209,ANG MO KIO AVE 3,91,New Generation,1977,34,203000,485000,292667,9950688
2000-02,ANG MO KIO,4 ROOM,210,ANG MO KIO AVE 3,91,New Generation,1977,34,190000,495000,257082,8740800
2000-02,ANG MO KIO,3 ROOM,211,ANG MO KIO AVE 3,67,New Generation,1977,107,133000,354000,195693,20939188
2000-02,ANG MO KIO,3 ROOM,212,ANG MO KIO AVE 3,67,New Generation,1977,115,131000,395000,200242,23027880
2000-03,ANG MO KIO,4 ROOM,213,ANG MO KIO AVE 3,82,New Generation,1976,71,115000,386000,201762,14325100
2000-01,ANG MO KIO,3 ROOM,214,ANG MO KIO AVE 3,67,New Generation,1976,86,125000,403500,202467,17412188
2000-03,ANG MO KIO,4 ROOM,229,ANG MO KIO AVE 3,91,New Generation,1978,45,210000,450000,266958,12013088
2000-04,ANG MO KIO,3 ROOM,230,ANG MO KIO AVE 3,82,New Generation,1978,89,133500,369000,196927,17526487
2000-06,ANG MO KIO,4 ROOM,231,ANG MO KIO AVE 3,92,New Generation,1977,33,196500,418000,257591,8500500
2000-04,ANG MO KIO,3 ROOM,232,ANG MO KIO AVE 3,67,New Generation,1977,82,130000,388888,204193,16743788
2000-01,ANG MO KIO,3 ROOM,233,ANG MO KIO AVE 3,67,New Generation,1977,60,129000,385000,196073,11764388
2000-04,ANG MO KIO,5 ROOM,234,ANG MO KIO AVE 3,127,Improved,1993,36,238000,575000,333250,11997000
2000-01,ANG MO KIO,3 ROOM,235,ANG MO KIO AVE 3,67,New Generation,1977,78,132000,395000,193036,15056800
2000-02,ANG MO KIO,3 ROOM,247,ANG MO KIO AVE 3,67,New Generation,1978,41,130000,228888,163102,6687188
2000-05,ANG MO KIO,3 ROOM,301,ANG MO KIO AVE 3,73,New Generation,1978,88,165000,660000,260040,22883488
2000-01,ANG MO KIO,3 ROOM,302,ANG MO KIO AVE 3,73,New Generation,1978,107,155000,465000,249530,26699676
2000-12,ANG MO KIO,4 ROOM,311,ANG MO KIO AVE 3,98,New Generation,1978,24,270000,468000,380012,9120300
2000-03,ANG MO KIO,5 ROOM,312,ANG MO KIO AVE 3,123,Improved,1978,31,275000,620000,405612,12573968
2000-03,ANG MO KIO,3 ROOM,313,ANG MO KIO AVE 3,73,New Generation,1978,87,140000,508000,252799,21993488
2000-11,ANG MO KIO,2 ROOM,314,ANG MO KIO AVE 3,44,Improved,1978,124,81000,275000,137606,17063198
2000-03,ANG MO KIO,3 ROOM,322,ANG MO KIO AVE 3,73,New Generation,1977,35,175000,526000,280746,9826126
2004-09,ANG MO KIO,2 ROOM,323,ANG MO KIO AVE 3,48,Improved,1977,40,105000,293888,172612,6904488
2000-01,ANG MO KIO,4 ROOM,324,ANG MO KIO AVE 3,98,New Generation,1978,52,250000,555000,337671,17558888
2000-04,ANG MO KIO,4 ROOM,325,ANG MO KIO AVE 3,98,New Generation,1978,24,252000,520000,339750,8154000
2000-01,ANG MO KIO,4 ROOM,326,ANG MO KIO AVE 3,92,New Generation,1977,42,241000,518000,312502,13125076
2000-06,ANG MO KIO,4 ROOM,327,ANG MO KIO AVE 3,98,New Generation,1977,33,243333,450000,322610,10646133
2000-03,ANG MO KIO,3 ROOM,328,ANG MO KIO AVE 3,73,New Generation,1978,69,165000,538000,261763,18061651
2000-01,ANG MO KIO,4 ROOM,329,ANG MO KIO AVE 3,98,New Generation,1978,69,161000,458000,273697,18885088
2000-01,ANG MO KIO,3 ROOM,343,ANG MO KIO AVE 3,73,New Generation,1978,57,163000,815000,260754,14862964
2000-02,ANG MO KIO,4 ROOM,344,ANG MO KIO AVE 3,98,New Generation,1978,48,253500,548000,331020,15888944
2000-02,ANG MO KIO,3 ROOM,345,ANG MO KIO AVE 3,73,New Generation,1978,82,164500,470000,256318,21018076
2000-01,ANG MO KIO,3 ROOM,346,ANG MO KIO AVE 3,88,New Generation,1978,87,138000,480000,243538,21187799
2007-01,ANG MO KIO,3 ROOM,347,ANG MO KIO AVE 3,67,Improved,1978,5,180000,285000,229000,1145000
2000-03,ANG MO KIO,3 ROOM,348,ANG MO KIO AVE 3,73,New Generation,1978,81,166000,512800,251508,20372126
2000-01,ANG MO KIO,3 ROOM,422,ANG MO KIO AVE 3,73,New Generation,1979,87,138000,430000,234916,20437680
2000-03,ANG MO KIO,4 ROOM,423,ANG MO KIO AVE 3,108,Model A,1993,17,295000,535000,362118,6156000
2000-02,ANG MO KIO,3 ROOM,424,ANG MO KIO AVE 3,73,New Generation,1979,76,147000,480888,237779,18071176
2000-05,ANG MO KIO,3 ROOM,425,ANG MO KIO AVE 3,73,New Generation,1979,62,150000,425000,216855,13445000
2000-04,ANG MO KIO,4 ROOM,426,ANG MO KIO AVE 3,92,New Generation,1978,58,212000,452000,268279,15560188
2000-04,ANG MO KIO,4 ROOM,427,ANG MO KIO AVE 3,92,New Generation,1978,49,200000,453000,284122,13922000
2000-06,ANG MO KIO,4 ROOM,428,ANG MO KIO AVE 3,92,New Generation,1978,35,206000,497000,288700,10104500
2000-03,ANG MO KIO,4 ROOM,429,ANG MO KIO AVE 3,92,New Generation,1978,32,206000,483000,283096,9059076
2000-03,ANG MO KIO,5 ROOM,430,ANG MO KIO AVE 3,119,Improved,1979,40,335000,605000,429008,17160300
2000-01,ANG MO KIO,4 ROOM,562,ANG MO KIO AVE 3,92,New Generation,1980,39,205000,395000,257530,10043668
2000-08,ANG MO KIO,4 ROOM,563,ANG MO KIO AVE 3,92,New Generation,1980,34,199000,383000,256344,8715688
