buildingname,buildingaddress,buildingtype,buildingsize,greenmarkyearaward,greenmarkrating,greenmarkstatus,grossfloorarea,2018energyuseintensity,2019energyusintensity,voluntarydisclosure
NEXUS @ONE-NORTH,"3 FUSIONOPOLIS LINK, SINGAPORE 138543",Commercial Building,Large,2019,Platinum,Yes,"25,510",25,23,Y
BCA ACADEMY OF THE BUILT ENVIRONMENT,"200 BRADDELL ROAD, SINGAPORE 579700",Commercial Building,Large,2017,Platinum,Yes,"53,422",41,39,Y
N/A,N/A,Commercial Building,Large,N/A,N/A,Yes,N/A,54,50,N
N/A,N/A,Commercial Building,Large,N/A,N/A,No,N/A,70,74,N
N/A,"51 GRANGE ROAD, SINGAPORE 249564",Commercial Building,Large,2017,Certified,Yes,"20,916",73,74,Y
JURONG TOWN HALL,"9 JURONG TOWN HALL ROAD, SINGAPORE 609431",Commercial Building,Large,2017,Platinum,Yes,"26,248",77,77,Y
GREAT EASTERN @ CHANGI,"200 CHANGI ROAD, SINGAPORE 419734",Commercial Building,Large,N/A,N/A,No,"24,707",103,77,Y
MITSUBISHI ELECTRIC BUILDING,"307 ALEXANDRA ROAD, SINGAPORE 159943",Commercial Building,Large,2014,Platinum,Yes,"16,654",95,80,Y
N/A,"1 DEFU AVENUE 1, SINGAPORE 539540",Commercial Building,Large,N/A,N/A,No,"19,516",84,82,Y
N/A,N/A,Commercial Building,Large,N/A,N/A,Yes,N/A,95,89,N
PLUS,"20 CECIL STREET, SINGAPORE 049705",Commercial Building,Large,N/A,N/A,No,"32,383",66,89,Y
N/A,"501 OLD CHOA CHU KANG ROAD, SINGAPORE 698928",Commercial Building,Large,2019,Platinum,Yes,"137,488",120,90,Y
SCDF JALAN BAHAR CAMP,"91 JALAN BAHAR, SINGAPORE 649735",Commercial Building,Large,N/A,N/A,No,"34,622",88,91,Y
EIGHTRIUM @ CHANGI BUSINESS PARK,"15A CHANGI BUSINESS PARK CENTRAL 1, SINGAPORE 486035",Commercial Building,Large,N/A,N/A,No,"19,876",116,92,Y
N/A,"18 NAPIER ROAD, SINGAPORE 258510",Commercial Building,Large,2014,Platinum,Yes,"15,211",99,93,Y
ICON@IBP,"3A INTERNATIONAL BUSINESS PARK, SINGAPORE 609935",Commercial Building,Large,2009,GoldPlus,Yes,"41,135",102,96,Y
N/A,"1 KAY SIANG ROAD, SINGAPORE 248922",Commercial Building,Large,N/A,N/A,No,"15,091",98,98,Y
AKZONOBEL HOUSE,"3 CHANGI BUSINESS PARK VISTA, SINGAPORE 486051",Commercial Building,Large,2019,Gold,Yes,"19,225",102,98,Y
N/A,N/A,Commercial Building,Large,N/A,N/A,Yes,N/A,124,110,N
TOWER FIFTEEN,"15 HOE CHIANG ROAD, SINGAPORE 089316",Commercial Building,Large,N/A,N/A,No,"23,546",144,111,Y
HIGH STREET CENTRE,"1 NORTH BRIDGE ROAD, SINGAPORE 179094",Commercial Building,Large,2018,Platinum,Yes,"43,000",165,111,Y
N/A,"31 INTERNATIONAL BUSINESS PARK, SINGAPORE 609921",Commercial Building,Large,N/A,N/A,No,"61,720",118,112,Y
GERMAN CENTRE,"25 INTERNATIONAL BUSINESS PARK, SINGAPORE 609916",Commercial Building,Large,2015,Platinum,Yes,"28,421",111,113,Y
TONG ENG BUILDING,"101 CECIL STREET, SINGAPORE 069533",Commercial Building,Large,2013,Platinum,Yes,"22,930",113,114,Y
KEPPEL TOWERS,"10 HOE CHIANG ROAD, SINGAPORE 089315",Commercial Building,Large,N/A,N/A,No,"58,609",156,114,Y
ENVIRONMENT BUILDING,"40 SCOTTS ROAD, SINGAPORE 228231",Commercial Building,Large,2018,Platinum,Yes,"49,021",122,115,Y
NORDIC EUROPEAN CENTRE,"3 INTERNATIONAL BUSINESS PARK, SINGAPORE 609927",Commercial Building,Large,2019,GoldPlus,Yes,"28,378",118,115,Y
N/A,"1A INTERNATIONAL BUSINESS PARK, SINGAPORE 609933",Commercial Building,Large,2009,Gold,Yes,"19,967",111,115,Y
JALAN BESAR PLAZA,"101 KITCHENER ROAD, SINGAPORE 208511",Commercial Building,Large,N/A,N/A,No,"16,815",117,115,Y
N/A,N/A,Commercial Building,Large,N/A,N/A,Yes,N/A,106,116,N
BANGKOK BANK BUILDING,"180 CECIL STREET, SINGAPORE 069546",Commercial Building,Large,N/A,N/A,No,"15,590",114,117,Y
STANDARD CHARTERED @ CHANGI 2,"9 CHANGI BUSINESS PARK CRESCENT, SINGAPORE 486005",Commercial Building,Large,2017,Gold,Yes,"18,365",125,117,Y
HONEYWELL BUILDING,"17 CHANGI BUSINESS PARK CENTRAL 1, SINGAPORE 486073",Commercial Building,Large,N/A,N/A,No,"18,122",118,118,Y
MOUNTBATTEN SQUARE,"229 MOUNTBATTEN ROAD, SINGAPORE 398007",Commercial Building,Large,N/A,N/A,No,"19,916",115,122,Y
COLLEGE OF MEDICINE BUILDING,"16 COLLEGE ROAD, SINGAPORE 169854",Commercial Building,Large,N/A,N/A,No,"17,137",119,123,Y
ACER BUILDING,"29 INTERNATIONAL BUSINESS PARK, SINGAPORE 609923",Commercial Building,Large,N/A,N/A,No,"25,044",139,123,Y
CITY HOUSE,"36 ROBINSON ROAD, SINGAPORE 068877",Commercial Building,Large,2018,Platinum,Yes,"20,180",114,125,Y
VISION EXCHANGE,"2 VENTURE DRIVE, SINGAPORE 608526",Commercial Building,Large,2016,GoldPlus,Yes,"64,562",92,126,Y
CIVIL DEFENCE ACADEMY,"101 JALAN BAHAR, SINGAPORE 649734",Commercial Building,Large,N/A,N/A,No,"40,312",121,128,Y
PARLIAMENT HOUSE COMPLEX,"1 PARLIAMENT PLACE, SINGAPORE 178880",Commercial Building,Large,2015,Platinum,Yes,"19,765",132,128,Y
ALEXANDRA POINT,"438 ALEXANDRA ROAD, SINGAPORE 119958",Commercial Building,Large,2014,Platinum,Yes,"24,895",124,129,Y
MAS BUILDING,"10 SHENTON WAY, SINGAPORE 079117",Commercial Building,Large,2015,Platinum,Yes,"55,206",130,130,Y
THE TREASURY,"100 HIGH STREET, SINGAPORE 179434",Commercial Building,Large,2017,Platinum,Yes,"41,499",134,131,Y
THE CONCOURSE,"300 BEACH ROAD, SINGAPORE 199555",Commercial Building,Large,2013,Platinum,Yes,"62,392",132,134,Y
MINISTRY OF MANPOWER SERVICES CENTRE,"1500 BENDEMEER ROAD, SINGAPORE 339946",Commercial Building,Large,2019,Platinum,Yes,"27,069",132,136,Y
THE STRATEGY,"2 INTERNATIONAL BUSINESS PARK, SINGAPORE 609930",Commercial Building,Large,2018,GoldPlus,Yes,"67,370",135,136,Y
MINISTRY OF MANPOWER BUILDING,"18 HAVELOCK ROAD, SINGAPORE 059764",Commercial Building,Large,2014,Platinum,Yes,"32,034",138,137,Y
THE SIGNATURE,"51 CHANGI BUSINESS PARK CENTRAL 2, SINGAPORE 486066",Commercial Building,Large,2019,Certified,Yes,"47,410",132,138,Y
WINSLAND HOUSE I,"3 KILLINEY ROAD, SINGAPORE 239519",Commercial Building,Large,2017,GoldPlus,Yes,"21,055",140,138,Y
KECK SENG TOWER,"133 CECIL STREET, SINGAPORE 069535",Commercial Building,Large,2018,Certified,Yes,"16,122",138,144,Y
OLD HILL STREET POLICE STATION,"140 HILL STREET, SINGAPORE 179369",Commercial Building,Large,2017,Platinum,Yes,"26,137",134,144,Y
N/A,"1 AVIATION DRIVE, SINGAPORE 499867",Commercial Building,Large,2015,Platinum,Yes,"22,368",140,144,Y
THE JTC SUMMIT,"8 JURONG TOWN HALL ROAD, SINGAPORE 609434",Commercial Building,Large,2018,Platinum,Yes,"56,527",141,145,Y
N/A,N/A,Commercial Building,Large,N/A,N/A,No,N/A,126,145,N
MND BUILDING,"5 MAXWELL ROAD, SINGAPORE 069110",Commercial Building,Large,N/A,N/A,No,"84,229",138,147,Y
SUPREME COURT BUILDING,"1 SUPREME COURT LANE, SINGAPORE 178879",Commercial Building,Large,N/A,N/A,No,"58,824",148,147,Y
SOUTHPOINT,"200 CANTONMENT ROAD, SINGAPORE 089763",Commercial Building,Large,N/A,N/A,No,"33,736",158,147,Y
N/A,N/A,Commercial Building,Large,N/A,N/A,Yes,N/A,133,148,N
MANULIFE TOWER,"8 CROSS STREET, SINGAPORE 048424",Commercial Building,Large,N/A,N/A,No,"42,561",151,149,Y
KEPPEL BAY TOWER,"1 HARBOURFRONT AVENUE, SINGAPORE 098632",Commercial Building,Large,2018,Platinum,Yes,"41,840",146,149,Y
PSA VISTA,"20 HARBOUR DRIVE, SINGAPORE 117612",Commercial Building,Large,2016,Certified,Yes,"23,225",151,151,Y
GREAT EASTERN CENTRE,"1 PICKERING STREET, SINGAPORE 048659",Commercial Building,Large,2010,Certified,Yes,"43,006",194,153,Y
ROBINSON 77,"77 ROBINSON ROAD, SINGAPORE 068896",Commercial Building,Large,2018,Gold,Yes,"36,837",147,153,Y
TOURISM COURT,"1 ORCHARD SPRING LANE, SINGAPORE 247729",Commercial Building,Large,2019,Platinum,Yes,"18,089",152,155,Y
N/A,"79 ANSON ROAD, SINGAPORE 079906",Commercial Building,Large,2019,GoldPlus,Yes,"26,866",135,155,Y
N/A,N/A,Commercial Building,Large,N/A,N/A,No,N/A,151,156,N
GOLDEN MILE TOWER,"6001 BEACH ROAD, SINGAPORE 199589",Commercial Building,Large,2014,Gold,Yes,"37,314",154,156,Y
FUJI XEROX TOWERS,"80 ANSON ROAD, SINGAPORE 079907",Commercial Building,Large,2017,Platinum,Yes,"48,688",162,157,Y
THE URA CENTRE,"45 MAXWELL ROAD, SINGAPORE 069118",Commercial Building,Large,2017,Platinum,Yes,"53,825",146,157,Y
AXA TOWER,"8 SHENTON WAY, SINGAPORE 068811",Commercial Building,Large,2012,Platinum,Yes,"95,625",151,158,Y
SHENTON HOUSE,"3 SHENTON WAY, SINGAPORE 068805",Commercial Building,Large,N/A,N/A,No,"28,835",161,158,Y
PLAZA 8 @ CBP,"1 CHANGI BUSINESS PARK CRESCENT, SINGAPORE 486025",Commercial Building,Large,2019,Gold,Yes,"32,504",165,158,Y
PRUDENTIAL TOWER,"30 CECIL STREET, SINGAPORE 049712",Commercial Building,Large,2017,GoldPlus,Yes,"27,699",137,159,Y
51 CUPPAGE ROAD,"51 CUPPAGE ROAD, SINGAPORE 229469",Commercial Building,Large,2018,Gold,Yes,"30,915",169,159,Y
REVENUE HOUSE,"55 NEWTON ROAD, SINGAPORE 307987",Commercial Building,Large,2014,Platinum,Yes,"86,492",165,162,Y
TRIPLEONE SOMERSET,"111 SOMERSET ROAD, SINGAPORE 238164",Commercial Building,Large,2012,GoldPlus,Yes,"68,233",N/A,163,Y
INTERNATIONAL PLAZA,"10 ANSON ROAD, SINGAPORE 079903",Commercial Building,Large,2012,GoldPlus,Yes,"103,899",163,165,Y
MAPLETREE BUSINESS CITY,"10 PASIR PANJANG ROAD, SINGAPORE 117438",Commercial Building,Large,2019,Platinum,Yes,"312,724",147,165,Y
ASIA SQUARE TOWER 1,"8 MARINA VIEW, SINGAPORE 018960",Commercial Building,Large,2018,Platinum,Yes,"145,650",174,167,Y
JTC CLEANTECH TWO @CLEANTECH PARK,"3 CLEANTECH LOOP, SINGAPORE 637143",Commercial Building,Large,2013,Platinum,Yes,"22,485",170,168,Y
CENTRAL MALL,"1 MAGAZINE ROAD, SINGAPORE 059567",Commercial Building,Large,2017,Platinum,Yes,"15,769",181,169,Y
SCDF HQ 2ND CD DIVISION,"1 TAMPINES INDUSTRIAL AVENUE 3, SINGAPORE 528777",Commercial Building,Large,N/A,N/A,No,"15,342",156,169,Y
N/A,N/A,Commercial Building,Large,N/A,N/A,Yes,N/A,182,169,N
HQ SINGAPORE CIVIL DEFENCE FORCE,"91 UBI AVENUE 4, SINGAPORE 408827",Commercial Building,Large,N/A,N/A,No,"49,327",171,169,Y
MYP CENTRE,"9 BATTERY ROAD, SINGAPORE 049910",Commercial Building,Large,2019,Gold,Yes,"18,565",194,171,Y
SINGAPORE BUSINESS FEDERATION CENTER,"160 ROBINSON ROAD, SINGAPORE 068914",Commercial Building,Large,2014,Platinum,Yes,"28,189",148,171,Y
NUCLEOS,"21 BIOPOLIS ROAD, SINGAPORE 138567",Commercial Building,Large,2012,Gold,Yes,"39,649",156,178,Y
GB BUILDING,"143 CECIL STREET, SINGAPORE 069542",Commercial Building,Large,N/A,N/A,No,"17,306",177,179,Y
CAPITAGREEN,"138 MARKET STREET, SINGAPORE 048946",Commercial Building,Large,2018,Platinum,Yes,"82,003",176,180,Y
GALAXIS,"1 FUSIONOPOLIS PLACE, SINGAPORE 138522",Commercial Building,Large,2018,Platinum,Yes,"68,839",185,180,Y
MANHATTAN HOUSE,"151 CHIN SWEE ROAD, SINGAPORE 169876",Commercial Building,Large,N/A,N/A,No,"16,450",163,182,Y
WINSLAND HOUSE II,"163 PENANG ROAD, SINGAPORE 238463",Commercial Building,Large,2014,GoldPlus,Yes,"18,451",159,183,Y
OUE DOWNTOWN,"6 SHENTON WAY, SINGAPORE 068809",Commercial Building,Large,2017,Certified,Yes,"116,055",181,183,Y
SCDF HQ 1ST CD DIVISION,"3 QUEENSWAY, SINGAPORE 149073",Commercial Building,Large,N/A,N/A,No,"19,040",181,184,Y
THE RUTHERFORD,"89 SCIENCE PARK DRIVE, SINGAPORE 118261",Commercial Building,Large,2019,Certified,Yes,"20,143",212,185,Y
HAW PAR CENTRE,"180 CLEMENCEAU AVENUE, SINGAPORE 239922",Commercial Building,Large,N/A,N/A,No,"16,519",211,185,Y
N/A,"80 ROBINSON ROAD, SINGAPORE 068898",Commercial Building,Large,N/A,N/A,No,"31,031",154,185,Y
FOOK HAI BUILDING,"150 SOUTH BRIDGE ROAD, SINGAPORE 058727",Commercial Building,Large,N/A,N/A,No,"17,884",187,186,Y
STANDARD CHARTERED @ CHANGI,"7 CHANGI BUSINESS PARK CRESCENT, SINGAPORE 486028",Commercial Building,Large,2016,Platinum,Yes,"27,076",191,186,Y
N/A,"63 CHULIA STREET, SINGAPORE 049514",Commercial Building,Large,2016,Gold,Yes,"22,518",201,186,Y
N/A,N/A,Commercial Building,Large,N/A,N/A,Yes,N/A,148,187,N
CURRENCY HOUSE,"109 PASIR PANJANG ROAD, SINGAPORE 118536",Commercial Building,Large,N/A,N/A,No,"15,423",185,188,Y
N/A,N/A,Commercial Building,Large,N/A,N/A,Yes,N/A,181,188,N
20 COLLYER QUAY,"20 COLLYER QUAY, SINGAPORE 049319",Commercial Building,Large,N/A,N/A,No,"34,736",189,188,Y
SYNAPSE,"3 BIOPOLIS DRIVE, SINGAPORE 138623",Commercial Building,Large,2011,Gold,Yes,"42,976",185,188,Y
OXLEY TOWER,"138 ROBINSON ROAD, SINGAPORE 068906",Commercial Building,Large,2016,Certified,Yes,"16,839",165,189,Y
ROBINSON POINT,"39 ROBINSON ROAD, SINGAPORE 068911",Commercial Building,Large,2008,Certified,Yes,"15,724",201,189,Y
HANSAPOINT,"10 CHANGI BUSINESS PARK CENTRAL 2, SINGAPORE 486030",Commercial Building,Large,N/A,N/A,No,"19,102",207,190,Y
N/A,N/A,Commercial Building,Large,N/A,N/A,Yes,N/A,193,190,N
MAPLETREE ANSON,"60 ANSON ROAD, SINGAPORE 079914",Commercial Building,Large,2016,Platinum,Yes,"35,657",210,196,Y
GOLDBELL TOWERS,"47 SCOTTS ROAD, SINGAPORE 228233",Commercial Building,Large,2017,Gold,Yes,"17,815",188,196,Y
WOODLANDS CIVIC CENTRE,"900 SOUTH WOODLANDS DRIVE, SINGAPORE 730900",Commercial Building,Large,2015,Platinum,Yes,"38,325",225,200,Y
N/A,"51 SCOTTS ROAD, SINGAPORE 228241",Commercial Building,Large,N/A,N/A,No,"15,645",206,200,Y
OCBC CENTRE,"65 CHULIA STREET, SINGAPORE 049513",Commercial Building,Large,2016,Gold,Yes,"75,079",199,200,Y
N/A,N/A,Commercial Building,Large,N/A,N/A,No,N/A,184,201,N
MARINA BAY FINANCIAL CENTRE,"8 MARINA BOULEVARD, SINGAPORE 018981",Commercial Building,Large,2017,Platinum,Yes,"338,032",208,202,Y
INCOME AT TAMPINES JUNCTION,"300 TAMPINES AVENUE 5, SINGAPORE 529653",Commercial Building,Large,2016,GoldPlus,Yes,"19,566",195,202,Y
REPUBLIC PLAZA,"9 RAFFLES PLACE, SINGAPORE 048619",Commercial Building,Large,2018,Platinum,Yes,"102,356",183,203,Y
ONE RAFFLES PLACE,"1 RAFFLES PLACE, SINGAPORE 048616",Commercial Building,Large,2016,Gold,Yes,"117,542",206,204,Y
ASIA SQUARE TOWER 2,"12 MARINA VIEW, SINGAPORE 018961",Commercial Building,Large,2017,Platinum,Yes,"99,576",208,206,Y
SPRINGLEAF TOWER,"3 ANSON ROAD, SINGAPORE 079909",Commercial Building,Large,N/A,N/A,No,"33,846",209,207,Y
MOE BUILDING,"1 NORTH BUONA VISTA DRIVE, SINGAPORE 138675",Commercial Building,Large,2017,Platinum,Yes,"51,479",213,207,Y
CONNEXIS,"1 FUSIONOPOLIS WAY, SINGAPORE 138632",Commercial Building,Large,2016,Platinum,Yes,"120,384",220,207,Y
N/A,N/A,Commercial Building,Large,N/A,N/A,Yes,N/A,209,209,N
TWENTY ANSON,"20 ANSON ROAD, SINGAPORE 079912",Commercial Building,Large,2018,Platinum,Yes,"23,418",201,209,Y
OCEAN FINANCIAL CENTRE,"10 COLLYER QUAY, SINGAPORE 049315",Commercial Building,Large,2019,Platinum,Yes,"95,992",201,210,Y
THE METROPOLIS,"9 NORTH BUONA VISTA DRIVE, SINGAPORE 138588",Commercial Building,Large,2013,Platinum,Yes,"100,096",207,212,Y
ONE GEORGE STREET,"1 GEORGE STREET, SINGAPORE 049145",Commercial Building,Large,2018,GoldPlus,Yes,"51,661",214,215,Y
SINGAPORE POST CENTRE,"10 EUNOS ROAD 8, SINGAPORE 408600",Commercial Building,Large,N/A,N/A,No,"162,134",211,217,Y
AIA TOWER,"1 ROBINSON ROAD, SINGAPORE 048542",Commercial Building,Large,2019,Certified,Yes,"15,276",233,218,Y
OUR TAMPINES HUB,"1 TAMPINES WALK, SINGAPORE528523",Commercial Building,Large,2016,Platinum,Yes,"120,263",199,218,Y
EMPRESS PLACE BUILDING,"1 EMPRESS PLACE, SINGAPORE 179555",Commercial Building,Large,N/A,N/A,No,"16,448",223,220,Y
SINGAPORE SCIENCE CENTRE,"15 SCIENCE CENTRE ROAD, SINGAPORE 609081",Commercial Building,Large,2019,GoldPlus,Yes,"31,296",222,221,Y
N/A,N/A,Commercial Building,Large,N/A,N/A,No,N/A,216,222,N
POLICE CANTONMENT COMPLEX,"391 NEW BRIDGE ROAD, SINGAPORE 088762",Commercial Building,Large,2019,Platinum,Yes,"106,793",237,225,Y
INCOME AT RAFFLES,"16 COLLYER QUAY, SINGAPORE 049318",Commercial Building,Large,2019,GoldPlus,Yes,"38,596",243,226,Y
HARBOURFRONT CENTRE,"1 MARITIME SQUARE, SINGAPORE 099253",Commercial Building,Large,2017,Platinum,Yes,"169,727",231,226,Y
ONE @ CHANGI CITY,"1 CHANGI BUSINESS PARK CENTRAL 1, SINGAPORE 486036",Commercial Building,Large,2011,GoldPlus,Yes,"71,158",234,226,Y
AIA ALEXANDRA,"371 ALEXANDRA ROAD, SINGAPORE 159963",Commercial Building,Large,2017,Certified,Yes,"17,828",247,227,Y
N/A,"71 ROBINSON ROAD, SINGAPORE 068895",Commercial Building,Large,2019,Gold,Yes,"24,089",221,227,Y
N/A,N/A,Commercial Building,Large,N/A,N/A,Yes,N/A,216,227,N
PSA BUILDING,"460 ALEXANDRA ROAD, SINGAPORE 119963",Commercial Building,Large,2018,GoldPlus,Yes,"79,650",231,229,Y
LAND TRANSPORT AUTHORITY,"1 HAMPSHIRE ROAD, SINGAPORE 219428",Commercial Building,Large,N/A,N/A,No,"37,923",230,231,Y
N/A,N/A,Commercial Building,Large,N/A,N/A,Yes,N/A,223,234,N
PARKVIEW SQUARE,"600 NORTH BRIDGE ROAD, SINGAPORE 188778",Commercial Building,Large,N/A,N/A,No,"39,149",237,235,Y
THE SYNERGY,"1 INTERNATIONAL BUSINESS PARK, SINGAPORE 609917",Commercial Building,Large,N/A,N/A,No,"41,363",231,239,Y
CAPITAL TOWER,"168 ROBINSON ROAD, SINGAPORE 068912",Commercial Building,Large,2017,Platinum,Yes,"95,555",258,246,Y
SULTAN PLAZA,"100 JALAN SULTAN, SINGAPORE 199001",Commercial Building,Large,N/A,N/A,No,"17,034",246,247,Y
N/A,N/A,Commercial Building,Large,N/A,N/A,No,N/A,256,249,N
PAYA LEBAR SQUARE,"60 PAYA LEBAR ROAD, SINGAPORE 409051",Commercial Building,Large,2013,GoldPlus,Yes,"61,153",243,250,Y
N/A,"2 BUKIT MERAH CENTRAL, SINGAPORE 159835",Commercial Building,Large,N/A,N/A,No,"23,278",245,251,Y
TANJONG PAGAR CENTRE,"7 WALLICH STREET, SINGAPORE 078884",Commercial Building,Large,2013,Platinum,Yes,"129,726",247,252,Y
PEACE CENTRE,"1 SOPHIA ROAD, SINGAPORE 228149",Commercial Building,Large,N/A,N/A,No,"36,800",257,256,Y
SHAW HOUSE,"350 ORCHARD ROAD, SINGAPORE 238868",Commercial Building,Large,2012,Gold,Yes,"49,048",260,258,Y
SINGAPORE LAND TOWER,"50 RAFFLES PLACE, SINGAPORE 048623",Commercial Building,Large,N/A,N/A,No,"64,277",264,259,Y
CLIFFORD CENTRE,"24 RAFFLES PLACE, SINGAPORE 048621",Commercial Building,Large,N/A,N/A,No,"37,281",252,259,Y
THE MENDEL,"12 SCIENCE PARK DRIVE, SINGAPORE 118225",Commercial Building,Large,2013,GoldPlus,Yes,"75,269",256,265,Y
N/A,"3 TAMPINES GRANDE, SINGAPORE 528799",Commercial Building,Large,2017,Certified,Yes,"15,345",275,268,Y
HONG LEONG BUILDING,"16 RAFFLES QUAY, SINGAPORE 048581",Commercial Building,Large,N/A,N/A,No,"47,744",256,270,Y
UOB PLAZA,"80 RAFFLES PLACE, SINGAPORE 048624",Commercial Building,Large,2013,GoldPlus,Yes,"100,125",290,270,Y
WILKIE EDGE,"8 WILKIE ROAD, SINGAPORE 228095",Commercial Building,Large,2016,Gold,Yes,"29,812",269,275,Y
SANDCRAWLER,"1 FUSIONOPOLIS VIEW, SINGAPORE 138577",Commercial Building,Large,2019,Platinum,Yes,"22,495",292,278,Y
N/A,"984 UPPER CHANGI ROAD NORTH, SINGAPORE 506969",Commercial Building,Large,2015,Legislated,Yes,"386,781",306,284,Y
N/A,"70 BIOPOLIS STREET, SINGAPORE 138547",Commercial Building,Large,2018,Gold,Yes,"33,363",294,286,Y
OUE BAYFRONT,"50 COLLYER QUAY, SINGAPORE 049321",Commercial Building,Large,2019,Gold,Yes,"40,450",289,288,Y
N/A,"1 RAFFLES QUAY, SINGAPORE 048583",Commercial Building,Large,2019,Platinum,Yes,"144,109",250,290,Y
STATE COURTS,"1 HAVELOCK SQUARE, SINGAPORE 059724",Commercial Building,Large,N/A,N/A,No,"29,675",130,293,Y
DUO TOWER,"3 FRASER STREET, SINGAPORE 189352",Commercial Building,Large,2013,Platinum,Yes,"71,715",269,298,Y
SGX CENTRE I,"2 SHENTON WAY, SINGAPORE 068804",Commercial Building,Large,N/A,N/A,No,"29,964",291,302,Y
CLEANTECH ONE,"1 CLEANTECH LOOP, SINGAPORE 637141",Commercial Building,Large,2018,Platinum,Yes,"28,800",294,302,Y
KINESIS,"4 FUSIONOPOLIS WAY, SINGAPORE 138635",Commercial Building,Large,2012,Platinum,Yes,"33,123",298,305,Y
N/A,N/A,Commercial Building,Large,N/A,N/A,Yes,N/A,303,305,N
N/A,N/A,Commercial Building,Large,N/A,N/A,Yes,N/A,319,307,N
N/A,N/A,Commercial Building,Large,N/A,N/A,Yes,N/A,322,308,N
THE GEMINI,"41 SCIENCE PARK ROAD, SINGAPORE 117610",Commercial Building,Large,N/A,N/A,No,"32,629",356,316,Y
DBS ASIA HUB,"2 CHANGI BUSINESS PARK CRESCENT, SINGAPORE 486029",Commercial Building,Large,2018,Platinum,Yes,"38,774",322,320,Y
INFINITE STUDIOS,"21 MEDIA CIRCLE, SINGAPORE 138562",Commercial Building,Large,N/A,N/A,No,"20,484",328,324,Y
PARKWAY PARADE,"80 MARINE PARADE ROAD, SINGAPORE 449269",Commercial Building,Large,2016,Platinum,Yes,"99,012",330,326,Y
SGX CENTRE II,"4 SHENTON WAY, SINGAPORE 068807",Commercial Building,Large,N/A,N/A,No,"29,964",332,329,Y
SHAW TOWERS,"100 BEACH ROAD, SINGAPORE 189702",Commercial Building,Large,N/A,N/A,No,"29,199",232,331,Y
ICA BUILDING,"10 KALLANG ROAD, SINGAPORE 208718",Commercial Building,Large,N/A,N/A,No,"37,819",338,340,Y
TUV SUD PSB BUILDING,"1 SCIENCE PARK DRIVE, SINGAPORE 118221",Commercial Building,Large,N/A,N/A,No,"32,079",328,345,Y
N/A,N/A,Commercial Building,Large,N/A,N/A,No,N/A,359,347,N
CAPITAL SQUARE,"23 CHURCH STREET, SINGAPORE 049481",Commercial Building,Large,2018,GoldPlus,Yes,"36,196",328,348,Y
BANK OF CHINA BUILDING,"4 BATTERY ROAD, SINGAPORE 049908",Commercial Building,Large,N/A,N/A,No,"15,480",373,354,Y
CPF TAMPINES BUILDING,"1 TAMPINES CENTRAL 5, SINGAPORE 529508",Commercial Building,Large,N/A,N/A,No,"15,551",359,356,Y
SHAW CENTRE,"1 SCOTTS ROAD, SINGAPORE 228208",Commercial Building,Large,2012,Gold,Yes,"40,939",362,360,Y
ONE RAFFLES LINK,"1 RAFFLES LINK, SINGAPORE 039393",Commercial Building,Large,2018,GoldPlus,Yes,"36,280",386,376,Y
BANK OF AMERICA MERRILL LYNCH HARBOURFRONT,"2 HARBOURFRONT PLACE, SINGAPORE 098499",Commercial Building,Large,2018,GoldPlus,Yes,"22,722",401,410,Y
VALLEY POINT,"491 RIVER VALLEY ROAD, SINGAPORE 248371",Commercial Building,Large,2016,Gold,Yes,"27,291",424,424,Y
HEALTH SCIENCES AUTHORITY BUILDING,"11 OUTRAM ROAD, SINGAPORE 169078",Commercial Building,Large,2016,GoldPlus,Yes,"17,284",448,454,Y
BANK OF SINGAPORE CENTRE,"63 MARKET STREET, SINGAPORE 048942",Commercial Building,Large,N/A,N/A,No,"18,275",458,458,Y
N/A,N/A,Commercial Building,Large,N/A,N/A,Yes,N/A,450,468,N
INNOVIS,"2 FUSIONOPOLIS WAY, SINGAPORE 138634",Commercial Building,Large,2012,Platinum,Yes,"41,193",509,508,Y
N/A,"83 CLEMENCEAU AVENUE, SINGAPORE 239920",Commercial Building,Large,N/A,N/A,No,"30,809",478,514,Y
SEAGATE SINGAPORE DESIGN CENTER - THE SHUGART,"26 AYER RAJAH CRESCENT, SINGAPORE 139944",Commercial Building,Large,2015,Platinum,Yes,"40,880",527,516,Y
INTERNATIONAL BUILDING,"360 ORCHARD ROAD, SINGAPORE 238869",Commercial Building,Large,2015,GoldPlus,Yes,"15,267",535,545,Y
CINTECH II BUILDING,"75 SCIENCE PARK DRIVE, SINGAPORE 118255",Commercial Building,Large,2019,GoldPlus,Yes,"54,211",755,550,Y
TELEPARK,"5 TAMPINES CENTRAL 6, SINGAPORE 529482",Commercial Building,Large,N/A,N/A,No,"42,420",573,575,Y
HELIOS,"11 BIOPOLIS WAY, SINGAPORE 138667",Commercial Building,Large,2016,GoldPlus,Yes,"170,856",663,676,Y
UOB ALEXANDRA BUILDING,"396 ALEXANDRA ROAD, SINGAPORE 119954",Commercial Building,Large,2017,GoldPlus,Yes,"30,469",701,749,Y
SYNTHESIS,"6 FUSIONOPOLIS WAY, SINGAPORE 138636",Commercial Building,Large,2012,Platinum,Yes,"19,173","1,093","1,126",Y
N/A,N/A,Commercial Building,Large,N/A,N/A,Yes,N/A,N/A,N/A,N
ICON@CHANGI,"228 CHANGI ROAD, SINGAPORE 419741",Commercial Building,Small,N/A,N/A,No,"5,295",34,31,Y
SCHOOL OF PHYSICAL EDUCATION SWIMMING COMPLEX,"21 EVANS ROAD, SINGAPORE 259366",Commercial Building,Small,N/A,N/A,No,"9,436",36,36,Y
N/A,"1 MARYMOUNT LANE, SINGAPORE 574029",Commercial Building,Small,N/A,N/A,No,"6,342",64,52,Y
YUHUA COMMUNITY CLUB,"90 BOON LAY WAY, SINGAPORE 609958",Commercial Building,Small,N/A,N/A,No,"5,834",51,53,Y
N/A,"50 BUANGKOK DRIVE, SINGAPORE 545064",Commercial Building,Small,N/A,N/A,No,"7,574",54,53,Y
N/A,N/A,Commercial Building,Small,N/A,N/A,No,N/A,50,53,N
SULTAN-LINK,"57 MOHAMED SULTAN ROAD, SINGAPORE 238997",Commercial Building,Small,2011,Certified,Yes,"2,853",134,56,Y
N/A,"397 LORONG 2 TOA PAYOH, SINGAPORE 319639",Commercial Building,Small,N/A,N/A,No,"4,179",55,56,Y
SINGAPORE BOYS' HOME,"30 JURONG WEST STREET 24, SINGAPORE 649696",Commercial Building,Small,N/A,N/A,No,"13,101",65,66,Y
JTC LAUNCHPAD @ JURONG INNOVATION DISTRICT,"2 CLEANTECH LOOP, SINGAPORE 637144",Commercial Building,Small,2017,Platinum,Yes,"5,382",39,66,Y
EASTGATE,"46 EAST COAST ROAD, SINGAPORE 428766",Commercial Building,Small,N/A,N/A,No,"7,386",77,67,Y
ICB ENTERPRISE HOUSE,"116 MIDDLE ROAD, SINGAPORE 188972",Commercial Building,Small,N/A,N/A,No,"6,421",70,72,Y
UNITED HOUSE,"20 KRAMAT LANE, SINGAPORE 228773",Commercial Building,Small,N/A,N/A,No,"5,099",75,73,Y
N/A,"101 BUKIT PANJANG ROAD, SINGAPORE 679910",Commercial Building,Small,2011,Certified,Yes,"13,855",N/A,85,Y
N/A,N/A,Commercial Building,Small,N/A,N/A,No,N/A,67,87,N
N/A,"10 SCIENCE CENTRE ROAD, SINGAPORE 609079",Commercial Building,Small,2015,Certified,Yes,"7,043",79,88,Y
SWIBER@IBP,"12 INTERNATIONAL BUSINESS PARK, SINGAPORE 609920",Commercial Building,Small,N/A,N/A,No,"10,841",85,89,Y
REGISTRY OF MARRIAGES,"7 CANNING RISE, SINGAPORE 179869",Commercial Building,Small,2012,Gold,Yes,"5,055",85,90,Y
SULTAN-LINK,"63 MOHAMED SULTAN ROAD, SINGAPORE 239002",Commercial Building,Small,2011,Certified,Yes,"1,063",141,94,Y
N/A,"36 ARMENIAN STREET, SINGAPORE 179934",Commercial Building,Small,2009,Certified,Yes,"5,901",111,97,Y
IQUEST,"27 INTERNATIONAL BUSINESS PARK, SINGAPORE 609924",Commercial Building,Small,N/A,N/A,No,"8,677",106,97,Y
223 @ MOUNTBATTEN,"223 MOUNTBATTEN ROAD, SINGAPORE 398008",Commercial Building,Small,N/A,N/A,No,"11,735",95,99,Y
N/A,"90 EU TONG SEN STREET, SINGAPORE 059811",Commercial Building,Small,N/A,N/A,No,"8,906",76,103,Y
THONG TECK BUILDING,"15 SCOTTS ROAD, SINGAPORE 228218",Commercial Building,Small,N/A,N/A,No,"11,481",102,104,Y
MAXWELL CHAMBERS SUITES,"28 MAXWELL ROAD, SINGAPORE 069120",Commercial Building,Small,2019,Certified,Yes,"6,266",N/A,106,Y
VIVA VISTA,"3 SOUTH BUONA VISTA ROAD, SINGAPORE 118136",Commercial Building,Small,N/A,N/A,No,"9,014",107,107,Y
CES CENTRE,"171 CHIN SWEE ROAD, SINGAPORE 169877",Commercial Building,Small,2016,Certified,Yes,"12,253",113,108,Y
N/A,N/A,Commercial Building,Small,N/A,N/A,No,N/A,45,108,N
N/A,N/A,Commercial Building,Small,N/A,N/A,No,N/A,112,109,N
THE OXLEY,"9 OXLEY RISE, SINGAPORE 238697",Commercial Building,Small,N/A,N/A,No,"7,387",105,111,Y
MEWAH BUILDING,"5 INTERNATIONAL BUSINESS PARK, SINGAPORE 609914",Commercial Building,Small,N/A,N/A,No,"7,433",110,114,Y
SULTAN-LINK,"55 MOHAMED SULTAN ROAD, SINGAPORE 238995",Commercial Building,Small,2011,Certified,Yes,757,108,116,Y
FAMILY LINK @ LENGKOK BAHRU,"8 LENGKOK BAHRU, SINGAPORE 159052",Commercial Building,Small,2009,Certified,Yes,"6,898",118,116,Y
N/A,N/A,Commercial Building,Small,N/A,N/A,No,N/A,117,118,N
INSTITUTE OF SOUTH EAST ASIA STUDIES,"30 HENG MUI KENG TERRACE, SINGAPORE 119614",Commercial Building,Small,2019,Platinum,Yes,"9,882",173,121,Y
N/A,N/A,Commercial Building,Small,N/A,N/A,No,N/A,122,122,N
MARITIME HOUSE,"120 CANTONMENT ROAD, SINGAPORE 089760",Commercial Building,Small,N/A,N/A,No,"7,428",120,122,Y
N/A,"10 RAEBURN PARK, SINGAPORE 088702",Commercial Building,Small,N/A,N/A,No,"14,893",113,124,Y
THE CHADWICK,"81 SCIENCE PARK DRIVE, SINGAPORE 118257",Commercial Building,Small,N/A,N/A,No,"7,816",204,125,Y
TECHQUEST,"7 INTERNATIONAL BUSINESS PARK, SINGAPORE 609919",Commercial Building,Small,N/A,N/A,No,"8,500",127,129,Y
N/A,"16 INTERNATIONAL BUSINESS PARK, SINGAPORE 609929",Commercial Building,Small,N/A,N/A,No,"6,359",149,131,Y
SINGAPORE INSTITUTE OF MANAGEMENT,"41 NAMLY AVENUE, SINGAPORE 267616",Commercial Building,Small,N/A,N/A,No,"10,063",141,132,Y
KEMBANGAN-CHAI CHEE COMMUNITY HUB,"11 JALAN UBI, SINGAPORE 409074",Commercial Building,Small,N/A,N/A,No,"6,978",133,133,Y
BOON SIEW BUILDING,"75 BUKIT TIMAH ROAD, SINGAPORE 229833",Commercial Building,Small,N/A,N/A,No,"11,950",130,134,Y
N/A,N/A,Commercial Building,Small,N/A,N/A,No,N/A,136,137,N
N/A,"3 HAVELOCK SQUARE, SINGAPORE 059725",Commercial Building,Small,N/A,N/A,No,"10,700",140,142,Y
NORTH BRIDGE CENTRE,"420 NORTH BRIDGE ROAD, SINGAPORE 188727",Commercial Building,Small,2014,Gold,Yes,"9,164",137,144,Y
N/A,N/A,Commercial Building,Small,N/A,N/A,No,N/A,168,145,N
ROYAL ONE PHILLIP,"1 PHILLIP STREET, SINGAPORE 048692",Commercial Building,Small,N/A,N/A,No,"5,000",130,147,Y
ANSON CENTRE,"51 ANSON ROAD, SINGAPORE 079904",Commercial Building,Small,N/A,N/A,No,"8,675",153,147,Y
FRAGRANCE BUILDING,"168 CHANGI ROAD, SINGAPORE 419730",Commercial Building,Small,N/A,N/A,No,"1,671",132,147,Y
NKF CENTRE,"81 KIM KEAT ROAD, SINGAPORE 328836",Commercial Building,Small,N/A,N/A,No,"11,060",150,149,Y
HIGH STREET PLAZA,"77 HIGH STREET, SINGAPORE 179433",Commercial Building,Small,N/A,N/A,No,"10,418",141,149,Y
JIT POH BUILDING,"19 KEPPEL ROAD, SINGAPORE 089058",Commercial Building,Small,N/A,N/A,No,"7,200",153,150,Y
CROWN AT ROBINSON,"140 ROBINSON ROAD, SINGAPORE 068907",Commercial Building,Small,N/A,N/A,No,"9,453",111,151,Y
N/A,N/A,Commercial Building,Small,N/A,N/A,No,N/A,180,154,N
CENTROPOD @ CHANGI,"80 CHANGI ROAD, SINGAPORE 419715",Commercial Building,Small,N/A,N/A,No,"5,874",142,155,Y
DAS SPEKTRUM@CBP,"9 CHANGI BUSINESS PARK VISTA, SINGAPORE 486041",Commercial Building,Small,2017,Platinum,Yes,"12,767",161,157,Y
ARC 380,"380 JALAN BESAR, SINGAPORE 209000",Commercial Building,Small,N/A,N/A,No,"11,658",74,157,Y
SULTAN-LINK,"61 MOHAMED SULTAN ROAD, SINGAPORE 239001",Commercial Building,Small,2011,Certified,Yes,"2,601",145,157,Y
LAGUN SARI BUILDING,"381 JOO CHIAT ROAD, SINGAPORE 427621",Commercial Building,Small,N/A,N/A,No,"1,965",185,159,Y
TUNG ANN ASSOCIATION BUILDING,"141 CECIL STREET, SINGAPORE 069541",Commercial Building,Small,N/A,N/A,No,"5,934",173,161,Y
FAR EASTERN BANK BUILDING,"156 CECIL STREET, SINGAPORE 069544",Commercial Building,Small,N/A,N/A,No,"11,315",158,163,Y
THE GLOBE,"100 CECIL STREET, SINGAPORE 069532",Commercial Building,Small,N/A,N/A,No,"5,824",168,163,Y
TEMPCO TECHNOMINIUM,"16 AYER RAJAH CRESCENT, SINGAPORE 139965",Commercial Building,Small,N/A,N/A,No,"11,470",179,164,Y
BEACH CENTRE,"15 BEACH ROAD, SINGAPORE 189677",Commercial Building,Small,2016,Platinum,Yes,"7,669",179,164,Y
TOKIO MARINE CENTRE,"20 MCCALLUM STREET, SINGAPORE 069046",Commercial Building,Small,2008,GoldPlus,Yes,"14,671",160,165,Y
ABACUS PLAZA,"3 TAMPINES CENTRAL 1, SINGAPORE 529540",Commercial Building,Small,N/A,N/A,No,"10,416",188,165,Y
GRACE GLOBAL RAFFLES,"137 MARKET STREET, SINGAPORE 048943",Commercial Building,Small,2009,GoldPlus,Yes,"5,030",165,166,Y
CIVIL SERVICE COLLEGE,"31 NORTH BUONA VISTA ROAD, SINGAPORE 275983",Commercial Building,Small,N/A,N/A,No,"12,709",180,168,Y
CHOA CHU KANG CENTRE,"309 CHOA CHU KANG AVENUE 4, SINGAPORE 680309",Commercial Building,Small,N/A,N/A,No,"11,015",176,174,Y
OCBC CAMPUS,"260 TANJONG PAGAR ROAD, SINGAPORE 088542",Commercial Building,Small,N/A,N/A,No,"4,024",160,175,Y
CECIL COURT,"138 CECIL STREET, SINGAPORE 069538",Commercial Building,Small,N/A,N/A,No,"10,926",183,176,Y
ENABLING VILLAGE,"20 LENGKOK BAHRU, SINGAPORE 159053",Commercial Building,Small,N/A,N/A,No,"14,622",162,178,Y
SCDF HQ 4TH CD DIVISION,"80 BUKIT BATOK ROAD, SINGAPORE 658072",Commercial Building,Small,N/A,N/A,No,"14,060",173,179,Y
N/A,"120 ROBINSON ROAD, SINGAPORE 068913",Commercial Building,Small,N/A,N/A,No,"7,428",181,179,Y
GENTING CENTRE,"3 LIM TECK KIM ROAD, SINGAPORE 088934",Commercial Building,Small,N/A,N/A,No,"12,948",224,183,Y
N/A,N/A,Commercial Building,Small,N/A,N/A,No,N/A,171,184,N
N/A,"14 INTERNATIONAL BUSINESS PARK, SINGAPORE 609922",Commercial Building,Small,N/A,N/A,No,"8,838",191,184,Y
ONE FINLAYSON GREEN,"1 FINLAYSON GREEN, SINGAPORE 049246",Commercial Building,Small,N/A,N/A,No,"10,403",188,186,Y
KING'S CENTRE,"390 HAVELOCK ROAD, SINGAPORE 169662",Commercial Building,Small,2017,Platinum,Yes,"10,852",205,188,Y
SCDF HQ 3RD CD DIVISION,"533 YISHUN INDUSTRIAL PARK A, SINGAPORE 768774",Commercial Building,Small,N/A,N/A,No,"14,337",198,188,Y
N/A,"30 HILL STREET, SINGAPORE 179360",Commercial Building,Small,2016,Gold,Yes,"11,427",205,189,Y
MYP PLAZA,"135 CECIL STREET, SINGAPORE 069536",Commercial Building,Small,N/A,N/A,No,"9,374",192,191,Y
N/A,"11 TAMPINES CONCOURSE, SINGAPORE 528729",Commercial Building,Small,2018,GoldPlus,Yes,"11,520",196,192,Y
ANSON HOUSE,"72 ANSON ROAD, SINGAPORE 079911",Commercial Building,Small,N/A,N/A,No,"9,673",194,195,Y
MACDONALD HOUSE,"40A ORCHARD ROAD, SINGAPORE 238838",Commercial Building,Small,N/A,N/A,No,"9,000",188,196,Y
THE CURIE,"83 SCIENCE PARK DRIVE, SINGAPORE 118258",Commercial Building,Small,N/A,N/A,No,"7,816",195,198,Y
ROYAL GROUP BUILDING,"3 PHILLIP STREET, SINGAPORE 048693",Commercial Building,Small,N/A,N/A,No,"10,580",201,199,Y
ROBINSON 112,"112 ROBINSON ROAD, SINGAPORE 068902",Commercial Building,Small,N/A,N/A,No,"10,720",200,201,Y
N/A,"158 CECIL STREET, SINGAPORE 069545",Commercial Building,Small,2019,Gold,Yes,"11,977",218,203,Y
TAMPINES PLAZA,"5 TAMPINES CENTRAL 1, SINGAPORE 529541",Commercial Building,Small,N/A,N/A,No,"10,417",193,208,Y
BOC PLAZA,"133 MIDDLE ROAD, SINGAPORE 188974",Commercial Building,Small,N/A,N/A,No,"4,736",208,211,Y
N/A,"137 TELOK AYER STREET, SINGAPORE 068602",Commercial Building,Small,N/A,N/A,No,"9,233",223,214,Y
NATIONAL DESIGN CENTRE,"111 MIDDLE ROAD, SINGAPORE 188969",Commercial Building,Small,2016,Platinum,Yes,"7,860",196,215,Y
N/A,N/A,Commercial Building,Small,N/A,N/A,No,N/A,227,221,N
SENTOSA DEVELOPMENT CORPORATION OFFICE,"39 ARTILLERY AVENUE, SINGAPORE 099958",Commercial Building,Small,2017,Gold,Yes,"5,345",206,222,Y
N/A,"1 CHANGI BUSINESS PARK AVENUE 1, SINGAPORE 486058",Commercial Building,Small,N/A,N/A,No,"11,555",193,222,Y
MRTC HEADQUARTERS,"251 NORTH BRIDGE ROAD, SINGAPORE 179102",Commercial Building,Small,N/A,N/A,No,"9,938",217,223,Y
NEWTON 200,"200 NEWTON ROAD, SINGAPORE 307983",Commercial Building,Small,N/A,N/A,No,"4,027",222,226,Y
CPF JURONG BUILDING,"21 JURONG GATEWAY ROAD, SINGAPORE 608546",Commercial Building,Small,N/A,N/A,No,"4,745",228,228,Y
MAXWELL CHAMBERS,"32 MAXWELL ROAD, SINGAPORE 069115",Commercial Building,Small,N/A,N/A,No,"6,981",274,230,Y
ALFA CENTRE,"99 BUKIT TIMAH ROAD, SINGAPORE 229835",Commercial Building,Small,N/A,N/A,No,"7,526",255,231,Y
N/A,"50 SCOTTS ROAD, SINGAPORE 228242",Commercial Building,Small,2017,Gold,Yes,"13,553",250,237,Y
INCOME AT TAMPINES POINT,"2 TAMPINES CENTRAL 6, SINGAPORE 529483",Commercial Building,Small,N/A,N/A,No,"10,950",248,245,Y
N/A,N/A,Commercial Building,Small,N/A,N/A,No,N/A,248,245,N
STAMFORD COURT,"61 STAMFORD ROAD, SINGAPORE 178892",Commercial Building,Small,N/A,N/A,No,"6,832",282,250,Y
TAN CHONG TOWER,"15 QUEEN STREET, SINGAPORE 188537",Commercial Building,Small,N/A,N/A,No,"10,471",235,250,Y
NEW BRIDGE CENTRE,"336 SMITH STREET, SINGAPORE 050336",Commercial Building,Small,N/A,N/A,No,"10,678",262,259,Y
ORCHARD BUILDING,"1 GRANGE ROAD, SINGAPORE 239693",Commercial Building,Small,2018,Gold,Yes,"13,627",263,259,Y
N/A,"2 LENGKOK BAHRU, SINGAPORE 159047",Commercial Building,Small,N/A,N/A,No,"5,199",252,264,Y
SIF BUILDING,"96 ROBINSON ROAD, SINGAPORE 068899",Commercial Building,Small,N/A,N/A,No,"7,684",245,264,Y
HPL HOUSE,"50 CUSCADEN ROAD, SINGAPORE 249724",Commercial Building,Small,N/A,N/A,No,"7,372",269,265,Y
BURLINGTON SQUARE,"175 BENCOOLEN STREET, SINGAPORE 189649",Commercial Building,Small,N/A,N/A,No,"11,080",274,267,Y
SINGAPORE POOLS BUILDING,"210 MIDDLE ROAD, SINGAPORE 188994",Commercial Building,Small,2013,GoldPlus,Yes,"13,121",264,272,Y
BEA BUILDING,"60 ROBINSON ROAD, SINGAPORE 068892",Commercial Building,Small,N/A,N/A,No,"7,783",292,274,Y
N/A,N/A,Commercial Building,Small,N/A,N/A,No,N/A,316,275,N
PIL BUILDING,"140 CECIL STREET, SINGAPORE 069540",Commercial Building,Small,N/A,N/A,No,"12,656",300,276,Y
GREAT EASTERN HOUSE,"49 BEACH ROAD, SINGAPORE 189685",Commercial Building,Small,N/A,N/A,No,"2,295",310,279,Y
N/A,"93 HOUGANG AVENUE 4, SINGAPORE 538832",Commercial Building,Small,N/A,N/A,No,"5,276",284,279,Y
THE CRIMSON,"31 SCIENCE PARK ROAD, SINGAPORE 117611",Commercial Building,Small,N/A,N/A,No,"11,291",285,281,Y
GUTHRIE HOUSE,"1 FIFTH AVENUE, SINGAPORE 268802",Commercial Building,Small,N/A,N/A,No,"8,908",302,283,Y
ISCA HOUSE,"60 CECIL STREET, SINGAPORE 049709",Commercial Building,Small,N/A,N/A,No,"2,644",312,298,Y
N/A,N/A,Commercial Building,Small,N/A,N/A,Yes,N/A,295,309,N
NEW WORLD CENTRE,"1 JALAN BERSEH, SINGAPORE 209037",Commercial Building,Small,N/A,N/A,No,"8,625",317,325,Y
MAYBANK TOWER,"2 BATTERY ROAD, SINGAPORE 049907",Commercial Building,Small,N/A,N/A,No,"14,989",355,352,Y
SULTAN-LINK,"53 MOHAMED SULTAN ROAD, SINGAPORE 238993",Commercial Building,Small,2011,Certified,Yes,"2,181",272,358,Y
OCBC CENTRE SOUTH,"18 CHURCH STREET, SINGAPORE 049479",Commercial Building,Small,2016,Gold,Yes,"11,047",397,400,Y
THE CAVENDISH,"85 SCIENCE PARK DRIVE, SINGAPORE 118259",Commercial Building,Small,N/A,N/A,No,"8,760",870,562,Y
BISHAN SPORTS HALL,"5 BISHAN STREET 14, SINGAPORE 579783",Commercial Building,Small,N/A,N/A,No,"2,375",530,587,Y
CPF BISHAN BUILDING,"3 BISHAN PLACE, SINGAPORE 579838",Commercial Building,Small,N/A,N/A,No,"8,060",796,717,Y
N/A,"1 MANDAI QUARRY ROAD, SINGAPORE 728635",Commercial Building,Small,N/A,N/A,No,"2,775",762,724,Y
THE ARIES,"51 SCIENCE PARK ROAD, SINGAPORE 117586",Commercial Building,Small,N/A,N/A,No,"14,695",724,751,Y
MIWORLD,"9 INTERNATIONAL BUSINESS PARK, SINGAPORE 609915",Commercial Building,Small,2019,Gold,Yes,"10,960",744,768,Y
SUNSHINE PLAZA,"10 PRINSEP LINK, SINGAPORE 187948",Commercial Building,Small,N/A,N/A,No,"10,555",797,786,Y
N/A,"8 LOWER DELTA ROAD, SINGAPORE 169198",Commercial Building,Small,N/A,N/A,No,"9,507",862,871,Y
N/A,"450 ALEXANDRA ROAD, SINGAPORE 119960",Commercial Building,Small,N/A,N/A,No,"14,486",2,2,Y
RELC BUILDING,"30 ORANGE GROVE ROAD, SINGAPORE 258352",Commercial Building,Large,2016,GoldPlus,Yes,"21,466",101,97,Y
ALEXANDRA CENTRAL,"323 ALEXANDRA ROAD, SINGAPORE 159972",Commercial Building,Large,N/A,N/A,No,"13,572",109,111,Y
N/A,N/A,Commercial Building,Large,N/A,N/A,Yes,N/A,137,144,N
PARK ROCHESTER AVENUE,"31 ROCHESTER DRIVE, SINGAPORE 138637",Commercial Building,Large,2009,Gold,Yes,"18,881",164,167,Y
PARKROYAL ON KITCHENER ROAD,"181 KITCHENER ROAD, SINGAPORE 208533",Commercial Building,Large,2014,Platinum,Yes,"37,721",181,173,Y
30 BENCOOLEN,"30 BENCOOLEN STREET, SINGAPORE 189621",Commercial Building,Large,N/A,N/A,No,"7,141",187,184,Y
HOTEL MIRAMAR,"401 HAVELOCK ROAD, SINGAPORE 169631",Commercial Building,Large,2019,Gold,Yes,"23,554",184,185,Y
N/A,N/A,Commercial Building,Large,N/A,N/A,No,N/A,214,187,N
GRAND PARK CITY HALL,"10 COLEMAN STREET, SINGAPORE 179809",Commercial Building,Large,2017,Platinum,Yes,"20,348",179,190,Y
CENTRAL SQUARE,"20 HAVELOCK ROAD, SINGAPORE 059765",Commercial Building,Large,N/A,N/A,No,"17,068",182,192,Y
8 ON CLAYMORE,"8 CLAYMORE HILL, SINGAPORE 229572",Commercial Building,Large,2012,Gold,Yes,"13,539",201,199,Y
ASCOTT SINGAPORE RAFFLES PLACE,"2 FINLAYSON GREEN, SINGAPORE 049247",Commercial Building,Large,2008,Certified,Yes,"16,105",210,201,Y
N/A,N/A,Commercial Building,Large,N/A,N/A,Yes,N/A,235,203,N
SWISSOTEL MERCHANT COURT SINGAPORE,"20 MERCHANT ROAD, SINGAPORE 058281",Commercial Building,Large,2018,Platinum,Yes,"38,054",210,205,Y
VILLAGE HOTEL KATONG,"25 MARINE PARADE, SINGAPORE 449536",Commercial Building,Large,2013,Certified,Yes,"22,540",211,209,Y
M HOTEL,"81 ANSON ROAD, SINGAPORE 079908",Commercial Building,Large,2018,GoldPlus,Yes,"31,033",216,210,Y
CONCORDE SHOPPING CENTRE,"317 OUTRAM ROAD, SINGAPORE 169075",Commercial Building,Large,2018,GoldPlus,Yes,"54,042",216,213,Y
RAFFLES HOTEL,"1 BEACH ROAD, SINGAPORE 189673",Commercial Building,Large,N/A,N/A,No,"43,360",N/A,215,Y
MANDARIN ORCHARD SINGAPORE,"333 ORCHARD ROAD, SINGAPORE 238867",Commercial Building,Large,2016,Certified,Yes,"127,860",217,215,Y
N/A,N/A,Commercial Building,Large,N/A,N/A,No,N/A,316,216,N
VILLAGE HOTEL ALBERT COURT,"180 ALBERT STREET, SINGAPORE 189971",Commercial Building,Large,2015,Platinum,Yes,"11,426",212,219,Y
VILLAGE HOTEL CHANGI,"1 NETHERAVON ROAD, SINGAPORE 508502",Commercial Building,Large,N/A,N/A,No,"22,826",226,222,Y
HOLIDAY INN SINGAPORE ORCHARD CITY CENTRE,"11 CAVENAGH ROAD, SINGAPORE 229616",Commercial Building,Large,N/A,N/A,No,"31,251",263,222,Y
HOTEL ROYAL @ QUEENS,"12 QUEEN STREET, SINGAPORE 188553",Commercial Building,Large,2016,Gold,Yes,"12,565",230,226,Y
PENINSULA SHOPPING COMPLEX,"3 COLEMAN STREET, SINGAPORE 179804",Commercial Building,Large,2019,GoldPlus,Yes,"51,487",243,230,Y
N/A,N/A,Commercial Building,Large,N/A,N/A,No,N/A,226,231,N
FURAMA CITY CENTRE SINGAPORE,"60 EU TONG SEN STREET, SINGAPORE 059804",Commercial Building,Large,2017,Platinum,Yes,"25,857",232,234,Y
HOTEL GRAND PACIFIC,"101 VICTORIA STREET, SINGAPORE 188018",Commercial Building,Large,N/A,N/A,No,"14,950",236,236,Y
GENTING HOTEL JURONG,"2 TOWN HALL LINK, SINGAPORE 608516",Commercial Building,Large,2015,Platinum,Yes,"19,147",251,239,Y
KATONG SQUARE,"86 EAST COAST ROAD, SINGAPORE 428788",Commercial Building,Large,2015,Platinum,Yes,"25,200",261,240,Y
CAPRI BY FRASER CHANGI CITY,"3 CHANGI BUSINESS PARK CENTRAL 1, SINGAPORE 486037",Commercial Building,Large,2012,GoldPlus,Yes,"18,975",246,240,Y
"ORCHARD RENDEZVOUS HOTEL, SINGAPORE","1 TANGLIN ROAD, SINGAPORE 247905",Commercial Building,Large,2014,Gold,Yes,"26,657",238,241,Y
N/A,N/A,Commercial Building,Large,N/A,N/A,Yes,N/A,249,242,N
NOVOTEL SINGAPORE CLARKE QUAY,"177A RIVER VALLEY ROAD, SINGAPORE 179031",Commercial Building,Large,2017,GoldPlus,Yes,"28,548",240,242,Y
GOODWOOD PARK HOTEL,"16 SCOTTS ROAD, SINGAPORE 228221",Commercial Building,Large,2019,Gold,Yes,"29,616",247,247,Y
N/A,"50 TIONG BAHRU ROAD, SINGAPORE 168733",Commercial Building,Large,N/A,N/A,No,"10,194",222,248,Y
SHERATON TOWERS HOTEL,"39 SCOTTS ROAD, SINGAPORE 228230",Commercial Building,Large,2019,Platinum,Yes,"31,224",249,250,Y
COPTHORNE KING'S HOTEL,"403 HAVELOCK ROAD, SINGAPORE 169632",Commercial Building,Large,2014,Platinum,Yes,"17,598",250,251,Y
QUALITY HOTEL MARLOW,"201 BALESTIER ROAD, SINGAPORE 329926",Commercial Building,Large,N/A,N/A,No,"10,136",268,252,Y
N/A,"405 HAVELOCK ROAD, SINGAPORE 169633",Commercial Building,Large,2018,Platinum,Yes,"37,570",256,254,Y
SINGAPORE MARRIOTT TANG PLAZA HOTEL,"320 ORCHARD ROAD, SINGAPORE 238865",Commercial Building,Large,2017,Gold,Yes,"76,504",258,254,Y
GRAND COPTHORNE WATERFRONT,"392 HAVELOCK ROAD, SINGAPORE 169663",Commercial Building,Large,2018,Platinum,Yes,"51,726",256,257,Y
N/A,"51 IMBIAH WALK, SINGAPORE 099538",Commercial Building,Large,N/A,N/A,No,"8,651",261,260,Y
CARLTON HOTEL,"76 BRAS BASAH ROAD, SINGAPORE 189558",Commercial Building,Large,N/A,N/A,No,"59,329",277,261,Y
N/A,"96 SOMERSET ROAD, SINGAPORE 238163",Commercial Building,Large,N/A,N/A,No,"12,401",259,263,Y
ROBERTSON WALK,"11 UNITY STREET, SINGAPORE 237995",Commercial Building,Large,N/A,N/A,No,"30,784",266,268,Y
HOLIDAY INN EXPRESS SINGAPORE CLARKE QUAY,"2 MAGAZINE ROAD, SINGAPORE 059573",Commercial Building,Large,2017,Platinum,Yes,"11,783",263,268,Y
CARLTON CITY SINGAPORE,"1 GOPENG STREET, SINGAPORE 078862",Commercial Building,Large,2017,Platinum,Yes,"20,331",272,270,Y
THE ELIZABETH,"24 MOUNT ELIZABETH, SINGAPORE 228518",Commercial Building,Large,N/A,N/A,No,"16,872",254,275,Y
HOTEL JEN TANGLIN SINGAPORE,"1A CUSCADEN ROAD, SINGAPORE 249716",Commercial Building,Large,2018,GoldPlus,Yes,"26,385",287,284,Y
N/A,"22 CAVENAGH ROAD, SINGAPORE 229617",Commercial Building,Large,2015,Certified,Yes,"8,140",283,285,Y
"FOUR POINTS BY SHERATON SINGAPORE, RIVERVIEW","382 HAVELOCK ROAD, SINGAPORE 169629",Commercial Building,Large,2017,Gold,Yes,"21,089",295,290,Y
RENDEZVOUS HOTEL SINGAPORE,"9 BRAS BASAH ROAD, SINGAPORE 189559",Commercial Building,Large,2017,GoldPlus,Yes,"19,720",308,292,Y
FOUR SEASONS HOTEL,"190 ORCHARD BOULEVARD, SINGAPORE 248646",Commercial Building,Large,N/A,N/A,No,"34,630",301,303,Y
HOTEL CHANCELLOR @ ORCHARD,"28 CAVENAGH ROAD, SINGAPORE 229635",Commercial Building,Large,2015,Certified,Yes,"13,742",275,304,Y
PS100,"100 PECK SEAH STREET, SINGAPORE 079333",Commercial Building,Large,N/A,N/A,No,"17,198",305,308,Y
PARK HOTEL CLARKE QUAY,"1 UNITY STREET, SINGAPORE 237983",Commercial Building,Large,N/A,N/A,No,"11,050",314,316,Y
GRAND PARK ORCHARD,"270 ORCHARD ROAD, SINGAPORE 238857",Commercial Building,Large,N/A,N/A,No,"22,606",298,317,Y
PARKROYAL ON PICKERING,"3 UPPER PICKERING STREET, SINGAPORE 058289",Commercial Building,Large,2013,Platinum,Yes,"29,227",309,321,Y
N/A,"1 THE KNOLLS, SINGAPORE 098297",Commercial Building,Large,N/A,N/A,No,"42,461",326,323,Y
SO SOFITEL SINGAPORE,"35 ROBINSON ROAD, SINGAPORE 068876",Commercial Building,Large,2016,Platinum,Yes,"7,450",328,329,Y
ORCHID HOTEL,"1 TRAS LINK, SINGAPORE 078867",Commercial Building,Large,N/A,N/A,No,"16,026",323,331,Y
N/A,"170 BENCOOLEN STREET, SINGAPORE 189657",Commercial Building,Large,N/A,N/A,No,"15,022",320,332,Y
SHANGRI-LA HOTEL,"22 ORANGE GROVE ROAD, SINGAPORE 258350",Commercial Building,Large,2017,Gold,Yes,"79,709",365,353,Y
PREMIER INN,"700 BEACH ROAD, SINGAPORE 199598",Commercial Building,Large,N/A,N/A,No,"7,093",331,355,Y
PARK REGIS SINGAPORE,"23 MERCHANT ROAD, SINGAPORE 058268",Commercial Building,Large,N/A,N/A,No,"12,264",128,356,Y
ORCHARD HOTEL SINGAPORE,"442 ORCHARD ROAD, SINGAPORE 238879",Commercial Building,Large,2015,Gold,Yes,"44,097",376,365,Y
N/A,N/A,Commercial Building,Large,N/A,N/A,Yes,N/A,392,366,N
INTERCONTINENTAL SINGAPORE ROBERTSON QUAY,"1 NANSON ROAD, SINGAPORE 238909",Commercial Building,Large,2018,Certified,Yes,"14,284",391,398,Y
HILTON GARDEN INN SINGAPORE SERANGOON,"3 BELILIOS ROAD, SINGAPORE 219924",Commercial Building,Large,N/A,N/A,No,"10,803",383,401,Y
W SINGAPORE SENTOSA COVE HOTEL,"21 OCEAN WAY, SINGAPORE 098374",Commercial Building,Large,2012,Platinum,Yes,"23,800",405,403,Y
HOTEL G SINGAPORE,"200 MIDDLE ROAD, SINGAPORE 188980",Commercial Building,Large,2013,Certified,Yes,"8,784",434,408,Y
STUDIO M HOTEL,"3 NANSON ROAD, SINGAPORE 238910",Commercial Building,Large,2018,Gold,Yes,"8,259",429,467,Y
MERCURE SINGAPORE BUGIS,"122 MIDDLE ROAD, SINGAPORE 188973",Commercial Building,Large,2016,Certified,Yes,"11,899",507,487,Y
CUSTOMS HOUSE,"70 COLLYER QUAY, SINGAPORE 049323",Commercial Building,Large,N/A,N/A,No,"63,959",494,501,Y
N/A,N/A,Commercial Building,Large,N/A,N/A,Yes,N/A,503,516,N
N/A,N/A,Commercial Building,Large,N/A,N/A,No,N/A,568,517,N
THE SINGAPORE RESORT & SPA,"2 BUKIT MANIS ROAD, SINGAPORE 099891",Commercial Building,Large,N/A,N/A,No,"13,752",534,536,Y
THE CAPITOL KEMPINSKI HOTEL SINGAPORE,"15 STAMFORD ROAD, SINGAPORE 178906",Commercial Building,Large,N/A,N/A,No,"12,621",425,566,Y
RAMADA SINGAPORE AT ZHONGSHAN PARK,"16 AH HOOD ROAD, SINGAPORE 329982",Commercial Building,Large,2018,Gold,Yes,"26,387",580,586,Y
N/A,"255 BALESTIER ROAD, SINGAPORE 329710",Commercial Building,Small,N/A,N/A,No,890,185,187,Y
MORI HOSTEL,"429 RACE COURSE ROAD, SINGAPORE 218675",Commercial Building,Small,N/A,N/A,No,357,212,190,Y
J8 HOTEL,"8 TOWNSHEND ROAD, SINGAPORE 207606",Commercial Building,Small,N/A,N/A,No,"2,321",198,217,Y
N/A,"12 TECK LIM ROAD, SINGAPORE 088387",Commercial Building,Small,N/A,N/A,No,"1,040",19,226,Y
N/A,N/A,Commercial Building,Small,N/A,N/A,No,N/A,209,229,N
N/A,N/A,Commercial Building,Small,N/A,N/A,Yes,N/A,218,242,N
PARC SOVEREIGN HOTEL - TYRWHITT,"165 TYRWHITT ROAD, SINGAPORE 207569",Commercial Building,Small,N/A,N/A,No,"6,962",254,272,Y
HOLIDAY INN EXPRESS SINGAPORE SERANGOON,"270 JALAN BESAR, SINGAPORE 209019",Commercial Building,Small,N/A,N/A,No,"3,824",62,276,Y
N/A,N/A,Commercial Building,Small,N/A,N/A,Yes,N/A,276,277,N
AQUEEN HERITAGE HOTEL - JOO CHIAT,"51 JOO CHIAT ROAD, SINGAPORE 427373",Commercial Building,Small,N/A,N/A,No,"2,049",302,317,Y
N/A,N/A,Commercial Building,Small,N/A,N/A,No,N/A,342,352,N
N/A,"175A CHIN SWEE ROAD, SINGAPORE 169879",Commercial Building,Small,2018,Certified,Yes,"6,086",348,355,Y
N/A,N/A,Commercial Building,Small,N/A,N/A,Yes,N/A,345,360,N
N/A,N/A,Commercial Building,Small,N/A,N/A,No,N/A,435,527,N
CHANGI EXHIBITION CENTRE,"9 AVIATION PARK ROAD, SINGAPORE 498760",Commercial Building,Large,N/A,N/A,No,"51,909",40,20,Y
CHIJMES,"30 VICTORIA STREET, SINGAPORE 187996",Commercial Building,Large,2015,Certified,Yes,"119,287",520,68,Y
SINGAPORE EXPO,"1 EXPO DRIVE, SINGAPORE 486150",Commercial Building,Large,2019,GoldPlus,Yes,"170,288",83,72,Y
YEN SAN BUILDING,"268 ORCHARD ROAD, SINGAPORE 238856",Commercial Building,Large,N/A,N/A,No,"16,971",109,109,Y
THE BENCOOLEN,"180 BENCOOLEN STREET, SINGAPORE 189646",Commercial Building,Large,N/A,N/A,No,"29,796",128,134,Y
BEAUTY WORLD CENTRE,"144 UPPER BUKIT TIMAH ROAD, SINGAPORE 588177",Commercial Building,Large,2018,GoldPlus,Yes,"42,262",124,135,Y
TEXTILE CENTRE,"200 JALAN SULTAN, SINGAPORE 199018",Commercial Building,Large,N/A,N/A,No,"47,750",138,148,Y
BUKIT TIMAH SHOPPING CENTRE,"170 UPPER BUKIT TIMAH ROAD, SINGAPORE 588179",Commercial Building,Large,2014,Gold,Yes,"29,985",156,150,Y
OG ORCHARD POINT,"160 ORCHARD ROAD, SINGAPORE 238842",Commercial Building,Large,N/A,N/A,No,"26,671",161,153,Y
THE GRANDSTAND,"200 TURF CLUB ROAD, SINGAPORE 287994",Commercial Building,Large,N/A,N/A,No,"90,517",170,156,Y
PARKLANE SHOPPING MALL,"35 SELEGIE ROAD, SINGAPORE 188307",Commercial Building,Large,N/A,N/A,No,"37,440",167,159,Y
ROXY SQUARE,"50 EAST COAST ROAD, SINGAPORE 428769",Commercial Building,Large,N/A,N/A,No,"79,471",158,159,Y
CITY PLAZA,"810 GEYLANG ROAD, SINGAPORE 409286",Commercial Building,Large,N/A,N/A,No,"33,782",170,163,Y
GOLDEN MILE COMPLEX,"5001 BEACH ROAD, SINGAPORE 199588",Commercial Building,Large,N/A,N/A,No,"66,479",166,165,Y
MARINA SQUARE,"6 RAFFLES BOULEVARD, SINGAPORE 039594",Commercial Building,Large,N/A,N/A,No,"452,045",200,199,Y
JOO CHIAT COMPLEX,"1 JOO CHIAT ROAD, SINGAPORE 420001",Commercial Building,Large,2017,Platinum,Yes,"25,347",198,211,Y
ORCHARD PLAZA,"150 ORCHARD ROAD, SINGAPORE 238841",Commercial Building,Large,2017,GoldPlus,Yes,"22,331",218,212,Y
TANJONG KATONG COMPLEX,"845 GEYLANG ROAD, SINGAPORE 400845",Commercial Building,Large,N/A,N/A,No,"18,841",222,216,Y
HAVELOCK2,"2 HAVELOCK ROAD, SINGAPORE 059763",Commercial Building,Large,N/A,N/A,No,"19,970",239,218,Y
ROYAL SQUARE AT NOVENA,"99 IRRAWADDY ROAD, SINGAPORE 329568",Commercial Building,Large,2017,Platinum,Yes,"36,961",208,242,Y
KATONG SHOPPING CENTRE,"865 MOUNTBATTEN ROAD, SINGAPORE 437844",Commercial Building,Large,N/A,N/A,No,"23,076",250,243,Y
PEOPLE'S PARK COMPLEX,"1 PARK ROAD, SINGAPORE 059108",Commercial Building,Large,2017,Gold,Yes,"44,900",267,254,Y
N/A,N/A,Commercial Building,Large,N/A,N/A,Yes,N/A,422,288,N
THE CATHAY,"2 HANDY ROAD, SINGAPORE 229233",Commercial Building,Large,N/A,N/A,No,"24,434",337,307,Y
N/A,N/A,Commercial Building,Large,N/A,N/A,No,N/A,347,328,N
JEM,"50 JURONG GATEWAY ROAD, SINGAPORE 608549",Commercial Building,Large,2018,Platinum,Yes,"108,169",336,329,Y
THE CENTREPOINT,"176 ORCHARD ROAD, SINGAPORE 238843",Commercial Building,Large,N/A,N/A,No,"53,196",341,330,Y
FAR EAST PLAZA,"14 SCOTTS ROAD, SINGAPORE 228213",Commercial Building,Large,2014,GoldPlus,Yes,"40,749",334,335,Y
BUKIT TIMAH PLAZA,"1 JALAN ANAK BUKIT, SINGAPORE 588996",Commercial Building,Large,2012,Gold,Yes,"25,772",366,365,Y
THE PARAGON,"290 ORCHARD ROAD, SINGAPORE 238859",Commercial Building,Large,2018,Certified,Yes,"94,393",379,370,Y
N/A,N/A,Commercial Building,Large,N/A,N/A,Yes,N/A,375,371,N
112 KATONG,"112 EAST COAST ROAD, SINGAPORE 428802",Commercial Building,Large,N/A,N/A,No,"26,208",396,373,Y
WISMA ATRIA,"435 ORCHARD ROAD, SINGAPORE 238877",Commercial Building,Large,N/A,N/A,No,"40,064",401,373,Y
CATHAY CINELEISURE ORCHARD,"8 GRANGE ROAD, SINGAPORE 239695",Commercial Building,Large,N/A,N/A,No,"24,646",411,389,Y
N/A,N/A,Commercial Building,Large,N/A,N/A,Yes,N/A,411,396,N
CONNEXION,"1 FARRER PARK STATION ROAD, SINGAPORE 217562",Commercial Building,Large,2011,Platinum,Yes,"58,369",322,398,Y
CITY SQUARE MALL,"180 KITCHENER ROAD, SINGAPORE 208539",Commercial Building,Large,2018,Platinum,Yes,"65,640",365,398,Y
THOMSON PLAZA,"301 UPPER THOMSON ROAD, SINGAPORE 574408",Commercial Building,Large,N/A,N/A,No,"29,413",469,408,Y
N/A,"92 TELOK AYER STREET, SINGAPORE 048472",Commercial Building,Large,N/A,N/A,No,"18,396",449,413,Y
N/A,N/A,Commercial Building,Large,N/A,N/A,No,N/A,419,429,N
SEMBAWANG SHOPPING CENTRE,"604 SEMBAWANG ROAD, SINGAPORE 758459",Commercial Building,Large,2016,Gold,Yes,"19,146",488,446,Y
TAMPINES ONE,"10 TAMPINES CENTRAL 1, SINGAPORE 529536",Commercial Building,Large,2019,GoldPlus,Yes,"35,386",455,466,Y
N/A,N/A,Commercial Building,Large,N/A,N/A,Yes,N/A,455,466,N
BUGIS+,"201 VICTORIA STREET, SINGAPORE 188067",Commercial Building,Large,2017,Platinum,Yes,"27,629",489,470,Y
ION ORCHARD,"2 ORCHARD TURN, SINGAPORE 238801",Commercial Building,Large,2017,Gold,Yes,"87,486",471,475,Y
WEST MALL,"1 BUKIT BATOK CENTRAL LINK, SINGAPORE 658713",Commercial Building,Large,2013,Gold,Yes,"24,182",483,477,Y
CENTURY SQUARE,"2 TAMPINES CENTRAL 5, SINGAPORE 529509",Commercial Building,Large,2018,Platinum,Yes,"30,400",311,479,Y
CAUSEWAY POINT,"1 WOODLANDS SQUARE, SINGAPORE 738099",Commercial Building,Large,2017,Platinum,Yes,"58,450",466,481,Y
AMK HUB,"53 ANG MO KIO AVENUE 3, SINGAPORE 569933",Commercial Building,Large,2019,GoldPlus,Yes,"47,873",N/A,484,Y
NEX,"23 SERANGOON CENTRAL, SINGAPORE 556083",Commercial Building,Large,2017,Gold,Yes,"87,527",486,484,Y
VIVO CITY,"1 HARBOURFRONT WALK, SINGAPORE 098585",Commercial Building,Large,2019,Platinum,Yes,"142,853",511,502,Y
TANGLIN MALL,"163 TANGLIN ROAD, SINGAPORE 247933",Commercial Building,Large,N/A,N/A,No,"21,267",522,506,Y
CHANGI CITY POINT,"5 CHANGI BUSINESS PARK CENTRAL 1, SINGAPORE 486038",Commercial Building,Large,2011,GoldPlus,Yes,"28,463",487,508,Y
N/A,N/A,Commercial Building,Large,N/A,N/A,Yes,N/A,552,509,N
JUNCTION 8 SHOPPING CENTRE,"9 BISHAN PLACE, SINGAPORE 579837",Commercial Building,Large,2017,Platinum,Yes,"41,946",495,511,Y
313 @ SOMERSET,"313 ORCHARD ROAD, SINGAPORE 238895",Commercial Building,Large,2016,Platinum,Yes,"39,913",513,523,Y
TAMPINES MALL,"4 TAMPINES CENTRAL 5, SINGAPORE 529510",Commercial Building,Large,2019,GoldPlus,Yes,"47,065",524,530,Y
COMPASS ONE,"1 SENGKANG SQUARE, SINGAPORE 545078",Commercial Building,Large,2016,Gold,Yes,"38,621",542,545,Y
N/A,"1 PASIR RIS CENTRAL STREET 3, SINGAPORE 518457",Commercial Building,Large,2018,Platinum,Yes,"22,076",548,568,Y
MERCHANTS' COURT,"3A RIVER VALLEY ROAD, SINGAPORE 179020",Commercial Building,Large,N/A,N/A,No,"34,009",568,584,Y
N/A,N/A,Commercial Building,Large,N/A,N/A,No,N/A,583,585,N
N/A,N/A,Commercial Building,Large,N/A,N/A,Yes,N/A,587,587,N
N/A,"930 YISHUN AVENUE 2, SINGAPORE 769098",Commercial Building,Large,2017,Gold,Yes,"34,970",594,588,Y
THE CLEMENTI MALL,"3155 COMMONWEALTH AVENUE WEST, SINGAPORE 129588",Commercial Building,Large,2018,Gold,Yes,"26,974",650,638,Y
N/A,N/A,Commercial Building,Large,N/A,N/A,Yes,N/A,633,638,N
BEDOK MALL,"311 NEW UPPER CHANGI ROAD, SINGAPORE 467360",Commercial Building,Large,2017,Platinum,Yes,"31,204",652,658,Y
THE SELETAR MALL,"33 SENGKANG WEST AVENUE, SINGAPORE 797653",Commercial Building,Large,2017,Gold,Yes,"26,371",651,666,Y
MUSTAFA CENTRE,"145 SYED ALWI ROAD, SINGAPORE 207704",Commercial Building,Large,N/A,N/A,No,"23,000",732,689,Y
SUN PLAZA,"30 SEMBAWANG DRIVE, SINGAPORE 757713",Commercial Building,Large,N/A,N/A,No,"20,000",595,720,Y
ORCHARD CENTRAL,"181 ORCHARD ROAD, SINGAPORE 238896",Commercial Building,Large,N/A,N/A,No,"29,595",770,736,Y
HILLION MALL,"17 PETIR ROAD, SINGAPORE 678278",Commercial Building,Large,2017,Certified,Yes,"20,546",778,781,Y
OASIS,"87 SCIENCE PARK DRIVE, SINGAPORE 118260",Commercial Building,Small,2019,Certified,Yes,"6,100",55,61,Y
N/A,N/A,Commercial Building,Small,N/A,N/A,No,N/A,86,83,N
THE FLOW,"66 EAST COAST ROAD, SINGAPORE 428778",Commercial Building,Small,2017,Certified,Yes,"5,800",87,108,Y
THE ROCHESTER,"35 ROCHESTER DRIVE, SINGAPORE 138639",Commercial Building,Small,2009,Gold,Yes,"8,599",127,119,Y
UPPER SERANGOON SHOPPING CENTRE,"756 UPPER SERANGOON ROAD, SINGAPORE 534626",Commercial Building,Small,2017,Gold,Yes,"12,969",143,137,Y
DELFI ORCHARD,"402 ORCHARD ROAD, SINGAPORE 238876",Commercial Building,Small,N/A,N/A,No,"11,608",161,161,Y
AYER RAJAH AMENITY CENTRE,"69 AYER RAJAH CRESCENT, SINGAPORE 139961",Commercial Building,Small,N/A,N/A,No,"2,300",166,162,Y
N/A,N/A,Commercial Building,Small,N/A,N/A,No,N/A,168,165,N
SINGAPORE SHOPPING CENTRE,"190 CLEMENCEAU AVENUE, SINGAPORE 239924",Commercial Building,Small,2016,Gold,Yes,"11,256",184,179,Y
BALMORAL PLAZA,"271 BUKIT TIMAH ROAD, SINGAPORE 259708",Commercial Building,Small,N/A,N/A,No,"12,349",234,222,Y
N/A,N/A,Commercial Building,Small,N/A,N/A,No,N/A,234,223,N
OG BUILDING,"100 UPPER CROSS STREET, SINGAPORE 058360",Commercial Building,Small,N/A,N/A,No,"12,439",260,232,Y
KATONG PLAZA,"1 BROOKE ROAD, SINGAPORE 429979",Commercial Building,Small,N/A,N/A,No,"5,411",246,237,Y
BALESTIER PLAZA,"400 BALESTIER ROAD, SINGAPORE 329802",Commercial Building,Small,N/A,N/A,No,"8,199",218,238,Y
JUNCTION NINE,"18 YISHUN AVENUE 9, SINGAPORE 768897",Commercial Building,Small,N/A,N/A,No,"9,921",234,255,Y
THE MIDTOWN,"1187 UPPER SERANGOON ROAD, SINGAPORE 533971",Commercial Building,Small,N/A,N/A,No,"6,359",337,265,Y
CUPPAGE PLAZA,"5 KOEK ROAD, SINGAPORE 228796",Commercial Building,Small,N/A,N/A,No,"14,571",321,302,Y
N/A,N/A,Commercial Building,Small,N/A,N/A,Yes,N/A,322,306,N
LUCKY CHINATOWN,"211 NEW BRIDGE ROAD, SINGAPORE 059432",Commercial Building,Small,2019,Gold,Yes,"5,907",294,307,Y
ORCHARD SHOPPING CENTRE,"321 ORCHARD ROAD, SINGAPORE 238866",Commercial Building,Small,N/A,N/A,No,"5,943",288,308,Y
BUGIS CUBE,"470 NORTH BRIDGE ROAD, SINGAPORE 188735",Commercial Building,Small,N/A,N/A,No,"6,188",336,310,Y
321 CLEMENTI,"321 CLEMENTI AVENUE 3, SINGAPORE 129905",Commercial Building,Small,2015,Platinum,Yes,"7,564",349,319,Y
SINGAPORE DISCOVERY CENTRE,"510 UPPER JURONG ROAD, SINGAPORE 638365",Commercial Building,Small,N/A,N/A,No,"10,502",325,325,Y
QUEENSWAY SHOPPING CENTRE/QUEENSWAY TOWER,"1 QUEENSWAY, SINGAPORE 149053",Commercial Building,Small,N/A,N/A,No,"12,977",334,326,Y
BALESTIER POINT,"279 BALESTIER ROAD, SINGAPORE 329727",Commercial Building,Small,N/A,N/A,No,"6,154",321,339,Y
N/A,"5 TAMPINES STREET 32, SINGAPORE 529284",Commercial Building,Small,N/A,N/A,No,"9,900",129,373,Y
THE ORIENTAL PLAZA,"291 NEW BRIDGE ROAD, SINGAPORE 088756",Commercial Building,Small,N/A,N/A,No,"5,992",379,376,Y
GRANDLINK SQUARE,"511 GUILLEMARD ROAD, SINGAPORE 399849",Commercial Building,Small,N/A,N/A,No,"10,110",327,376,Y
N/A,"67 QUEEN STREET, SINGAPORE 188546",Commercial Building,Small,N/A,N/A,No,"11,254",406,386,Y
HOLLAND ROAD SHOPPING CENTRE,"211 HOLLAND AVENUE, SINGAPORE 278967",Commercial Building,Small,N/A,N/A,No,"7,403",430,399,Y
TAMAN JURONG SHOPPING CENTRE,"399 YUNG SHENG ROAD, SINGAPORE 610399",Commercial Building,Small,2013,Gold,Yes,"11,820",404,402,Y
SINGAPORE FLYER,"30 RAFFLES AVENUE, SINGAPORE 039803",Commercial Building,Small,2007,Certified,Yes,"13,590",398,411,Y
N/A,"61 ANG MO KIO AVENUE 8, SINGAPORE 569814",Commercial Building,Small,N/A,N/A,No,"5,096",433,413,Y
DJIT SUN MALL,"5 ANG MO KIO CENTRAL 2, SINGAPORE 569663",Commercial Building,Small,2013,Certified,Yes,"5,103",498,418,Y
SEMBAWANG MART,"511 CANBERRA ROAD, SINGAPORE 750511",Commercial Building,Small,2019,GoldPlus,Yes,"5,345",441,418,Y
KAP,"9 KING ALBERT PARK, SINGAPORE 598332",Commercial Building,Small,N/A,N/A,No,"5,535",179,418,Y
VISTA POINT,"548 WOODLANDS DRIVE 44, SINGAPORE 730548",Commercial Building,Small,2011,Gold,Yes,"11,260",462,447,Y
SCOTTS SQUARE,"6 SCOTTS ROAD, SINGAPORE 228209",Commercial Building,Small,N/A,N/A,No,"12,161",476,468,Y
JUNCTION 10,"1 WOODLANDS ROAD, SINGAPORE 677899",Commercial Building,Small,N/A,N/A,No,"10,967",400,477,Y
RAFFLES HOLLAND V,"118 HOLLAND AVENUE, SINGAPORE 278997",Commercial Building,Small,2016,Certified,Yes,"6,011",491,494,Y
N/A,N/A,Commercial Building,Small,N/A,N/A,No,N/A,404,513,N
THE PUNGGOL SETTLEMENT,"3 PUNGGOL POINT ROAD, SINGAPORE 828694",Commercial Building,Small,2014,Certified,Yes,"3,000",481,517,Y
ANCHORPOINT SHOPPING CENTRE,"370 ALEXANDRA ROAD, SINGAPORE 159953",Commercial Building,Small,N/A,N/A,No,"9,544",616,567,Y
ALEXANDRA CENTRAL,"321 ALEXANDRA ROAD, SINGAPORE 159971",Commercial Building,Small,2014,Certified,Yes,"8,677",582,567,Y
HEARTLAND MALL- KOVAN,"205 HOUGANG STREET 21, SINGAPORE 530205",Commercial Building,Small,N/A,N/A,No,"13,568",569,570,Y
YEW TEE SQUARE,"623 CHOA CHU KANG STREET 62, SINGAPORE 680623",Commercial Building,Small,2018,Gold,Yes,"5,659",629,579,Y
YEWTEE POINT,"21 CHOA CHU KANG NORTH 6, SINGAPORE 689578",Commercial Building,Small,2017,Certified,Yes,"10,880",616,644,Y
RIVERVALE MALL,"11 RIVERVALE CRESCENT, SINGAPORE 545082",Commercial Building,Small,N/A,N/A,No,"10,149",775,758,Y
MYVILLAGE AT SERANGOON GARDEN,"1 MAJU AVENUE, SINGAPORE 556679",Commercial Building,Small,N/A,N/A,No,"5,312",756,765,Y
HOUGANG 1,"1 HOUGANG STREET 91, SINGAPORE 538692",Commercial Building,Small,N/A,N/A,No,"9,821",915,928,Y
KITCHENER COMPLEX,"809 FRENCH ROAD, SINGAPORE 200809",Commercial Building,Large,N/A,N/A,No,"26,881",121,127,Y
SIM LIM TOWER,"10 JALAN BESAR, SINGAPORE 208787",Commercial Building,Large,2018,GoldPlus,Yes,"22,772",128,129,Y
ORCHARD TOWERS,"400 ORCHARD ROAD, SINGAPORE 238875",Commercial Building,Large,2016,Certified,Yes,"42,809",173,149,Y
THE ADELPHI,"1 COLEMAN STREET, SINGAPORE 179803",Commercial Building,Large,2017,Platinum,Yes,"41,158",160,152,Y
CONCORDE HOTEL AND SHOPPING MALL,"100 ORCHARD ROAD, SINGAPORE 238840",Commercial Building,Large,N/A,N/A,No,"62,543",165,167,Y
896 DUNEARN,"896 DUNEARN ROAD, SINGAPORE 589472",Commercial Building,Large,N/A,N/A,No,"23,500",178,170,Y
OG ALBERT COMPLEX,"60 ALBERT STREET, SINGAPORE 189969",Commercial Building,Large,2015,Gold,Yes,"25,724",181,172,Y
PENINSULA PLAZA,"111 NORTH BRIDGE ROAD, SINGAPORE 179098",Commercial Building,Large,N/A,N/A,No,"50,051",220,184,Y
PALAIS RENAISSANCE,"390 ORCHARD ROAD, SINGAPORE 238871",Commercial Building,Large,2017,Platinum,Yes,"16,491",184,188,Y
GREAT WORLD CITY,"1 KIM SENG PROMENADE, SINGAPORE 237994",Commercial Building,Large,N/A,N/A,No,"135,183",212,196,Y
SLF BUILDING,"510 THOMSON ROAD, SINGAPORE 298135",Commercial Building,Large,N/A,N/A,No,"44,615",191,197,Y
PEOPLE'S PARK CENTRE,"101 UPPER CROSS STREET, SINGAPORE 058357",Commercial Building,Large,N/A,N/A,No,"49,701",209,202,Y
TANGLIN SHOPPING CENTRE,"19 TANGLIN ROAD, SINGAPORE 247909",Commercial Building,Large,N/A,N/A,No,"24,377",209,211,Y
LIAT TOWERS,"541 ORCHARD ROAD, SINGAPORE 238881",Commercial Building,Large,2018,Gold,Yes,"19,209",239,215,Y
FAR EAST SHOPPING CENTRE,"545 ORCHARD ROAD, SINGAPORE 238882",Commercial Building,Large,2018,GoldPlus,Yes,"17,592",238,228,Y
IMM BUILDING,"2 JURONG EAST STREET 21, SINGAPORE 609601",Commercial Building,Large,2017,GoldPlus,Yes,"132,527",238,233,Y
N/A,N/A,Commercial Building,Large,N/A,N/A,Yes,N/A,229,240,N
THE RIVERWALK,"20 UPPER CIRCULAR ROAD, SINGAPORE 058416",Commercial Building,Large,2019,Certified,Yes,"19,096",259,246,Y
N/A,N/A,Commercial Building,Large,N/A,N/A,Yes,N/A,280,246,N
THE PLAZA,"7500A BEACH ROAD, SINGAPORE 199591",Commercial Building,Large,2017,Gold,Yes,"72,925",247,257,Y
WHEELOCK PLACE,"501 ORCHARD ROAD, SINGAPORE 238880",Commercial Building,Large,2018,Gold,Yes,"43,280",264,260,Y
N/A,"26 BEACH ROAD, SINGAPORE 189768",Commercial Building,Large,2012,Platinum,Yes,"113,072",264,265,Y
UNITED SQUARE,"101 THOMSON ROAD, SINGAPORE 307591",Commercial Building,Large,N/A,N/A,No,"66,675",277,275,Y
N/A,N/A,Commercial Building,Large,N/A,N/A,No,N/A,286,286,N
E!HUB@DOWNTOWN EAST,"1 PASIR RIS CLOSE, SINGAPORE 519599",Commercial Building,Large,2016,Gold,Yes,"97,189",726,292,Y
N/A,N/A,Commercial Building,Large,N/A,N/A,Yes,N/A,301,295,N
MARINA BAY SANDS,"1 BAYFRONT AVENUE, SINGAPORE 018971",Commercial Building,Large,2018,Platinum,Yes,"581,511",297,302,Y
THE CENTRAL,"6 EU TONG SEN STREET, SINGAPORE 059817",Commercial Building,Large,N/A,N/A,No,"66,474",327,325,Y
WESTGATE TOWER,"1 GATEWAY DRIVE, SINGAPORE 608531",Commercial Building,Large,2018,Platinum,Yes,"94,046",353,338,Y
AMARA SINGAPORE,"165 TANJONG PAGAR ROAD, SINGAPORE 088539",Commercial Building,Large,2019,GoldPlus,Yes,"49,949",335,345,Y
CHINATOWN POINT,"133 NEW BRIDGE ROAD, SINGAPORE 059413",Commercial Building,Large,2018,Certified,Yes,"51,611",322,356,Y
ORCHARD GATEWAY,"277 ORCHARD ROAD, SINGAPORE 238858",Commercial Building,Large,2012,Platinum,Yes,"48,324",370,370,Y
BUGIS JUNCTION,"230 VICTORIA STREET, SINGAPORE 188024",Commercial Building,Large,2017,Platinum,Yes,"118,984",378,372,Y
FORUM,"583 ORCHARD ROAD, SINGAPORE 238884",Commercial Building,Large,N/A,N/A,No,"24,639",381,383,Y
N/A,N/A,Commercial Building,Large,N/A,N/A,Yes,N/A,448,434,N
RESORTS WORLD SENTOSA,"8 SENTOSA GATEWAY, SINGAPORE 098269",Commercial Building,Large,2017,Platinum,Yes,"343,000",485,467,Y
SQUARE 2,"10 SINARAN DRIVE, SINGAPORE 307506",Commercial Building,Large,N/A,N/A,No,"31,616",543,541,Y
PUBLIC MANSIONS,"432 BALESTIER ROAD, SINGAPORE 329813",Commercial Building,Small,N/A,N/A,No,"11,880",63,62,Y
INCOME AT PRINSEP,"30 PRINSEP STREET, SINGAPORE 188647",Commercial Building,Small,2016,Gold,Yes,"6,256",226,118,Y
SEACARE BUILDING,"52 CHIN SWEE ROAD, SINGAPORE 169875",Commercial Building,Small,N/A,N/A,No,"6,508",216,227,Y
MACPHERSON MALL,"401 MACPHERSON ROAD, SINGAPORE 368125",Commercial Building,Small,2016,Certified,Yes,"13,284",227,232,Y
SCAPE,"2 ORCHARD LINK, SINGAPORE 237978",Commercial Building,Small,2017,Gold,Yes,"13,102",359,328,Y
RIVERSIDE POINT,"30 MERCHANT ROAD, SINGAPORE 058282",Commercial Building,Small,N/A,N/A,No,"13,128",414,367,Y
PACIFIC PLAZA,"9 SCOTTS ROAD, SINGAPORE 228210",Commercial Building,Small,N/A,N/A,No,"10,938",398,372,Y
N/A,"30 PENHAS ROAD, SINGAPORE 208188",Commercial Building,Small,N/A,N/A,No,950,611,624,Y
N/A,N/A,Healthcare Facility,N/A,N/A,N/A,No,N/A,105,107,N
N/A,"1 JURONG EAST STREET 21, SINGAPORE 609606",Healthcare Facility,N/A,2013,Platinum,Yes,"186,357",262,262,Y
SENGKANG GENERAL HOSPITAL,"110 SENGKANG EAST WAY, SINGAPORE 544886",Healthcare Facility,N/A,2014,Platinum,Yes,"288,000",236,275,Y
NATIONAL HEART CENTRE OF SINGAPORE,"5 HOSPITAL DRIVE, SINGAPORE 169609",Healthcare Facility,N/A,2014,Platinum,Yes,"48,432",306,312,Y
KHOO TECK PUAT HOSPITAL,"90 YISHUN CENTRAL, SINGAPORE 768828",Healthcare Facility,N/A,2010,Platinum,Yes,"103,534",311,319,Y
KK WOMEN'S AND CHILDREN'S HOSPITAL,"100 BUKIT TIMAH ROAD, SINGAPORE 229899",Healthcare Facility,N/A,N/A,N/A,No,"124,670",336,341,Y
CHANGI GENERAL HOSPITAL,"2 SIMEI STREET 3, SINGAPORE 529889",Healthcare Facility,N/A,N/A,N/A,No,"112,932",357,344,Y
TAN TOCK SENG HOSPITAL,"11 JALAN TAN TOCK SENG, SINGAPORE 308433",Healthcare Facility,N/A,2006,Platinum,Yes,"191,832",358,347,Y
NUH MEDICAL CENTRE,"1 LOWER KENT RIDGE ROAD, SINGAPORE 119082",Healthcare Facility,N/A,2013,Platinum,Yes,"234,939",378,401,Y
N/A,N/A,Healthcare Facility,N/A,N/A,N/A,No,N/A,460,464,N
NATIONAL CANCER CENTRE,"11 HOSPITAL DRIVE, SINGAPORE 169610",Healthcare Facility,N/A,N/A,N/A,No,"16,744",583,580,Y
SINGAPORE GENERAL HOSPITAL,"1 HOSPITAL DRIVE, SINGAPORE 169608",Healthcare Facility,N/A,N/A,N/A,No,"191,873",578,581,Y
N/A,N/A,Healthcare Facility,N/A,N/A,N/A,No,N/A,286,294,N
NATIONAL SKIN CENTRE,"1 MANDALAY ROAD, SINGAPORE 308205",Healthcare Facility,N/A,N/A,N/A,No,"9,862",301,310,Y
RAFFLES HOSPITAL,"585 NORTH BRIDGE ROAD, SINGAPORE 188770",Healthcare Facility,N/A,2019,Certified,Yes,"47,275",467,284,Y
MOUNT ALVERNIA HOSPITAL,"820 THOMSON ROAD, SINGAPORE 574623",Healthcare Facility,N/A,2014,Certified,Yes,"39,487",300,328,Y
MOUNT ELIZABETH HOSPITAL,"3 MOUNT ELIZABETH, SINGAPORE 228510",Healthcare Facility,N/A,N/A,N/A,No,"55,097",375,356,Y
N/A,"38 IRRAWADDY ROAD, SINGAPORE 329563",Healthcare Facility,N/A,2014,Platinum,Yes,"73,797",364,358,Y
N/A,N/A,Healthcare Facility,N/A,N/A,N/A,No,N/A,362,369,N
N/A,N/A,Healthcare Facility,N/A,N/A,N/A,No,N/A,348,320,N
N/A,N/A,Healthcare Facility,N/A,N/A,N/A,No,N/A,381,375,N
BUKIT BATOK POLYCLINIC,"50 BUKIT BATOK WEST AVENUE 3, SINGAPORE 659164",Healthcare Facility,N/A,N/A,N/A,No,"6,372",123,118,Y
N/A,N/A,Healthcare Facility,N/A,N/A,N/A,Yes,N/A,110,122,N
PIONEER POLYCLINIC,"26 JURONG WEST STREET 61, SINGAPORE 648201",Healthcare Facility,N/A,2017,Platinum,Yes,"7,750",127,128,Y
N/A,N/A,Healthcare Facility,N/A,N/A,N/A,No,N/A,145,152,N
CHOA CHU KANG POLYCLINIC,"2 TECK WHYE CRESCENT, SINGAPORE 688846",Healthcare Facility,N/A,N/A,N/A,No,"6,415",151,155,Y
N/A,N/A,Healthcare Facility,N/A,N/A,N/A,No,N/A,176,179,N
N/A,N/A,Healthcare Facility,N/A,N/A,N/A,Yes,N/A,200,200,N
N/A,"71 IRRAWADDY ROAD, SINGAPORE 329562",Healthcare Facility,N/A,N/A,N/A,No,"20,498",171,191,Y
ANG MO KIO COMMUNITY HOSPITAL,"17 ANG MO KIO AVENUE 9, SINGAPORE 569766",Healthcare Facility,N/A,2017,Gold,Yes,"28,139",195,194,Y
SAINT ANDREW'S COMMUNITY HOSPITAL,"8 SIMEI STREET 3, SINGAPORE 529895",Healthcare Facility,N/A,N/A,N/A,No,"14,122",180,191,Y
BRIGHT VISION HOSPITAL,"5 LORONG NAPIRI, SINGAPORE 547530",Healthcare Facility,N/A,N/A,N/A,No,"10,847",295,304,Y
N/A,N/A,Healthcare Facility,N/A,N/A,N/A,No,N/A,65,66,N
INSTITUTE OF MENTAL HEALTH,"10 BUANGKOK VIEW, SINGAPORE 539747",Healthcare Facility,N/A,2015,GoldPlus,Yes,"171,698",71,73,Y
N/A,"10 ANG MO KIO AVENUE 8, SINGAPORE 567727",Healthcare Facility,N/A,2018,Certified,Yes,"16,599",63,74,Y
N/A,"205 JALAN KAYU, SINGAPORE 799436",Healthcare Facility,N/A,N/A,N/A,No,"18,224",88,91,Y
KWONG WAI SHIU HOSPITAL,"705 SERANGOON ROAD, SINGAPORE 328127",Healthcare Facility,N/A,N/A,N/A,No,"28,842",72,95,Y
N/A,"11 BUKIT BATOK WEST AVENUE 9, SINGAPORE657995",Healthcare Facility,N/A,N/A,N/A,No,"8,553",3,54,Y
N/A,"70 BUANGKOK VIEW, SINGAPORE 534190",Healthcare Facility,N/A,N/A,N/A,No,"12,753",65,71,Y
APEX HARMONY LODGE,"10 PASIR RIS WALK, SINGAPORE 518240",Healthcare Facility,N/A,N/A,N/A,No,"7,148",78,75,Y
WOODLANDS CARE HOME,"2 WOODLANDS RISE, SINGAPORE 737749",Healthcare Facility,N/A,N/A,N/A,No,"8,994",70,82,Y
THONG TECK HOME FOR SENIOR CITIZENS,"91 GEYLANG EAST AVENUE 2, SINGAPORE 389759",Healthcare Facility,N/A,N/A,N/A,No,"5,400",84,84,Y
N/A,"9 CHOA CHU KANG AVENUE 4, SINGAPORE 689815",Healthcare Facility,N/A,N/A,N/A,No,"8,832",89,84,Y
N/A,N/A,Healthcare Facility,N/A,N/A,N/A,No,N/A,37,87,N
ST. ANDREW'S NURSING HOME (HENDERSON),"303 HENDERSON ROAD, SINGAPORE 108925",Healthcare Facility,N/A,2016,Certified,Yes,"9,520",89,92,Y
N/A,"100 PUNGGOL FIELD, SINGAPORE 828811",Healthcare Facility,N/A,N/A,N/A,No,"6,780",85,92,Y
N/A,"20 WOODLANDS STREET 82, SINGAPORE 738507",Healthcare Facility,N/A,N/A,N/A,No,"7,250",96,92,Y
ST. ANDREW'S NURSING HOME (QUEENSTOWN),"11 JALAN PENJARA, SINGAPORE 149380",Healthcare Facility,N/A,2017,Certified,Yes,"10,992",91,97,Y
JAMIYAH NURSING HOME,"130 WEST COAST DRIVE, SINGAPORE 127444",Healthcare Facility,N/A,N/A,N/A,No,"5,788",86,98,Y
N/A,"91 YISHUN CENTRAL, SINGAPORE 768829",Healthcare Facility,N/A,N/A,N/A,No,"6,190",97,100,Y
LIONS HOME FOR THE ELDERS (BISHAN),"9 BISHAN STREET 13, SINGAPORE 579804",Healthcare Facility,N/A,N/A,N/A,No,"7,307",106,104,Y
N/A,"5 POH HUAT ROAD, SINGAPORE 546703",Healthcare Facility,N/A,N/A,N/A,No,"6,056",111,113,Y
ASSISI HOSPICE,"832 THOMSON ROAD, SINGAPORE 574627",Healthcare Facility,N/A,2016,Platinum,Yes,"13,319",127,122,Y
N/A,"25 GEYLANG EAST CENTRAL, SINGAPORE 389708",Healthcare Facility,N/A,N/A,N/A,No,"7,528",132,124,Y
NTUC HEALTH NURSING HOME (JURONG WEST),"50 JURONG WEST STREET 93, SINGAPORE 648967",Healthcare Facility,N/A,2014,Certified,Yes,"8,652",149,141,Y
RENCI @ BUKIT BATOK ST. 52,"31 BUKIT BATOK STREET 52, SINGAPORE 659251",Healthcare Facility,N/A,N/A,N/A,No,"6,243",150,155,Y
N/A,"2 BUKIT BATOK STREET 11, SINGAPORE 659674",Healthcare Facility,N/A,N/A,N/A,No,"12,527",156,166,Y
SWAMI HOME FOR THE AGED,"5 SEMBAWANG WALK, SINGAPORE 757717",Healthcare Facility,N/A,N/A,N/A,No,"5,931",175,182,Y
GLENEAGLES MEDICAL CENTRE,"6 NAPIER ROAD, SINGAPORE 258499",Healthcare Facility,N/A,N/A,N/A,No,"15,732",220,214,Y
CAMDEN CENTRE,"1 ORCHARD BOULEVARD, SINGAPORE 248649",Healthcare Facility,N/A,N/A,N/A,No,"18,809",230,241,Y
SATA COMMHEALTH BUILDING,"351 CHAI CHEE STREET, SINGAPORE 468982",Healthcare Facility,N/A,N/A,N/A,No,"5,434",174,164,Y
THONG CHAI BUILDING,"50 CHIN SWEE ROAD, SINGAPORE 169874",Healthcare Facility,N/A,N/A,N/A,No,"5,232",193,207,Y
NATIONAL INSTITUTE OF EDUCATION,"1 NANYANG WALK, SINGAPORE 637616",Educational Institution,N/A,2017,Platinum,Yes,"109,181",79,78,Y
N/A,"461 CLEMENTI ROAD, SINGAPORE 599491",Educational Institution,N/A,2014,GoldPlus,Yes,"109,862",144,147,Y
SINGAPORE UNIVERSITY OF TECHNOLOGY AND DESIGN,"8 SOMAPAH ROAD, SINGAPORE 487372",Educational Institution,N/A,2019,Platinum,Yes,"109,703",177,190,Y
N/A,"10 MEDICAL DRIVE, SINGAPORE 117597",Educational Institution,N/A,2015,Platinum,Yes,"1,082,515",304,297,Y
N/A,"11 MANDALAY ROAD, SINGAPORE 308232",Educational Institution,N/A,2016,Platinum,Yes,"41,351","2,750",301,Y
N/A,"469A BUKIT TIMAH ROAD, SINGAPORE 259770",Educational Institution,N/A,N/A,N/A,No,"34,579",358,367,Y
NANYANG TECHNOLOGICAL UNIVERSITY,"50 NANYANG AVENUE, SINGAPORE 639798",Educational Institution,N/A,2016,Platinum,Yes,"311,486",630,618,Y
NGEE ANN POLYTECHNIC,"535 CLEMENTI ROAD, SINGAPORE 599489",Educational Institution,N/A,2016,GoldPlus,Yes,"379,350",82,81,Y
N/A,"510 DOVER ROAD, SINGAPORE 139660",Educational Institution,N/A,2013,Platinum,Yes,"20,100",129,115,Y
TEMASEK POLYTECHNIC,"21 TAMPINES AVENUE 1, SINGAPORE 529757",Educational Institution,N/A,2018,Platinum,Yes,"213,343",132,128,Y
SINGAPORE POLYTECHNIC,"500 DOVER ROAD, SINGAPORE 139651",Educational Institution,N/A,2015,Platinum,Yes,"289,060",127,130,Y
REPUBLIC POLYTECHNIC,"9 WOODLANDS AVENUE 9, SINGAPORE 738964",Educational Institution,N/A,2006,Platinum,Yes,"213,343",145,150,Y
N/A,N/A,Educational Institution,N/A,N/A,N/A,No,N/A,155,152,N
N/A,"10 DOVER DRIVE, SINGAPORE 138683",Educational Institution,N/A,N/A,N/A,No,"19,175",197,193,Y
N/A,"80 BENCOOLEN STREET, SINGAPORE 189655",Educational Institution,N/A,2012,Gold,Yes,"21,008",267,247,Y
N/A,"29B TAMPINES AVENUE 1, SINGAPORE 528694",Educational Institution,N/A,2014,Platinum,Yes,"11,670",91,88,Y
N/A,"38 BENCOOLEN STREET, SINGAPORE 189654",Educational Institution,N/A,N/A,N/A,No,"4,931",142,116,Y
N/A,"151 BENCOOLEN STREET, SINGAPORE 189656",Educational Institution,N/A,2014,Platinum,Yes,"11,587",135,133,Y
N/A,"1010 DOVER ROAD, SINGAPORE 139658",Educational Institution,N/A,N/A,N/A,No,"6,126",216,216,Y
ITE COLLEGE EAST,"10 SIMEI AVENUE, SINGAPORE 486047",Educational Institution,N/A,2018,Platinum,Yes,"130,424",100,97,Y
ITE COLLEGE CENTRAL,"2 ANG MO KIO DRIVE, SINGAPORE 567720",Educational Institution,N/A,2017,Platinum,Yes,"192,820",102,104,Y
ITE COLLEGE WEST,"1 CHOA CHU KANG GROVE, SINGAPORE 688236",Educational Institution,N/A,2017,Platinum,Yes,"97,876",113,114,Y
N/A,"21 BUKIT BATOK STREET 22, SINGAPORE 659589",Educational Institution,N/A,N/A,N/A,No,"6,073",137,163,Y
UNITED WORLD COLLEGE,"1207 DOVER ROAD, SINGAPORE 139654",Educational Institution,N/A,2016,Platinum,Yes,"87,829",69,68,Y
N/A,"1 TAMPINES STREET 73, SINGAPORE 528704",Educational Institution,N/A,2015,Platinum,Yes,"76,000",72,73,Y
N/A,"149 SIMS DRIVE, SINGAPORE 387380",Educational Institution,N/A,N/A,N/A,No,"24,157",67,75,Y
N/A,"501 STIRLING ROAD, SINGAPORE 148951",Educational Institution,N/A,2013,GoldPlus,Yes,"25,000",105,112,Y
N/A,"29 HENG MUI KENG TERRACE, SINGAPORE 119620",Educational Institution,N/A,N/A,N/A,No,"25,198",80,119,Y
LIFELONG LEARNING INSTITUTE,"11 EUNOS ROAD 8, SINGAPORE 408601",Educational Institution,N/A,2013,Platinum,Yes,"30,000",156,158,Y
N/A,"1 AYER RAJAH AVENUE, SINGAPORE 138676",Educational Institution,N/A,2014,Platinum,Yes,"29,887",160,161,Y
LASALLE COLLEGE OF THE ARTS,"1 MCNALLY STREET, SINGAPORE 187940",Educational Institution,N/A,2016,Gold,Yes,"35,823",168,177,Y
N/A,N/A,Educational Institution,N/A,N/A,N/A,No,N/A,59,58,N
CEREBRAL PALSY CENTRE,"65 PASIR RIS DRIVE 1, SINGAPORE 519529",Educational Institution,N/A,N/A,N/A,No,"13,365",57,60,Y
N/A,"1A WOODLEIGH PARK, SINGAPORE 357874",Educational Institution,N/A,N/A,N/A,No,"8,000",69,76,Y
N/A,"9 AH HOOD ROAD, SINGAPORE 329975",Educational Institution,N/A,N/A,N/A,No,"9,275",79,79,Y
N/A,"58 LOWLAND ROAD, SINGAPORE 547453",Educational Institution,N/A,N/A,N/A,No,"7,778",80,83,Y
N/A,"92 JALAN RAJAH, SINGAPORE 329162",Educational Institution,N/A,N/A,N/A,No,"9,891",91,98,Y
N/A,"2 ONE-NORTH GATEWAY, SINGAPORE 138502",Educational Institution,N/A,2016,Platinum,Yes,"5,378",179,105,Y
FOUR ACRES SINGAPORE,"6 NEPAL PARK, SINGAPORE 139395",Educational Institution,N/A,2016,GoldPlus,Yes,"14,980",105,105,Y
N/A,"45 BURGHLEY DRIVE, SINGAPORE 559022",Educational Institution,N/A,N/A,N/A,No,"2,009",127,125,Y
N/A,"10 HYDERABAD ROAD, SINGAPORE 119579",Educational Institution,N/A,N/A,N/A,No,"10,527",123,131,Y
N/A,N/A,Educational Institution,N/A,N/A,N/A,No,N/A,149,154,N
PARKWAY CENTRE,"1 MARINE PARADE CENTRAL, SINGAPORE 449408",Educational Institution,N/A,N/A,N/A,No,"9,642",198,213,Y
NTUC TRADE UNION HOUSE,"73 BRAS BASAH ROAD, SINGAPORE 189556",Educational Institution,N/A,2015,Gold,Yes,"5,656",240,234,Y
BISHAN STADIUM,"7 BISHAN STREET 14, SINGAPORE 579784",Sports and Recreation Centre,N/A,N/A,N/A,No,"41,000",31,34,Y
JURONG WEST SPORTS & RECREATION CTR,"20 JURONG WEST STREET 93, SINGAPORE 648965",Sports and Recreation Centre,N/A,N/A,N/A,No,"29,752",101,99,Y
JALAN BESAR STADIUM,"100 TYRWHITT ROAD, SINGAPORE 207542",Sports and Recreation Centre,N/A,N/A,N/A,No,"21,943",96,102,Y
TOA PAYOH ATHLETIC CENTRE,"297 LORONG 6 TOA PAYOH, SINGAPORE 319389",Sports and Recreation Centre,N/A,N/A,N/A,No,"19,180",118,116,Y
CHOA CHU KANG STADIUM,"1 CHOA CHU KANG STREET 53, SINGAPORE 689236",Sports and Recreation Centre,N/A,N/A,N/A,No,"18,893",173,124,Y
KALLANG INDOOR STADIUM,"2 STADIUM WALK, SINGAPORE 397691",Sports and Recreation Centre,N/A,N/A,N/A,No,"32,411",157,143,Y
N/A,"3 STADIUM DRIVE, SINGAPORE 397630",Sports and Recreation Centre,N/A,2018,GoldPlus,Yes,"241,796",193,198,Y
SINGAPORE BADMINTON HALL,"100 GUILLEMARD ROAD, SINGAPORE 399718",Sports and Recreation Centre,N/A,N/A,N/A,No,"4,333",62,63,Y
NATIONAL SAILING CENTRE,"1500 EAST COAST PARKWAY, SINGAPORE 468963",Sports and Recreation Centre,N/A,N/A,N/A,No,"3,309",84,73,Y
CLEMENTI SPORTS HALL,"518 CLEMENTI AVENUE 3, SINGAPORE 129907",Sports and Recreation Centre,N/A,N/A,N/A,No,"5,091",58,76,Y
N/A,"120 PASIR RIS CENTRAL, SINGAPORE 519640",Sports and Recreation Centre,N/A,2012,Certified,Yes,"12,000",188,227,Y
N/A,"57 ANCHORVALE ROAD, SINGAPORE 544964",Sports and Recreation Centre,N/A,N/A,N/A,No,"13,691",241,241,Y
CHINESE SWIMMING CLUB,"21 AMBER ROAD, SINGAPORE 439870",Sports and Recreation Centre,N/A,N/A,N/A,No,"9,764",477,476,Y
SEMBAWANG COUNTRY CLUB,"249 SEMBAWANG ROAD, SINGAPORE 758352",Sports and Recreation Centre,N/A,N/A,N/A,No,"40,575",38,44,Y
N/A,"10 TUAS WEST DRIVE, SINGAPORE 638404",Sports and Recreation Centre,N/A,N/A,N/A,No,"63,014",60,59,Y
N/A,"11 SLIM BARRACKS RISE, SINGAPORE 138664",Sports and Recreation Centre,N/A,N/A,N/A,No,"15,000",104,107,Y
KEPPEL CLUB,"10 BUKIT CHERMIN ROAD, SINGAPORE 109918",Sports and Recreation Centre,N/A,N/A,N/A,No,"31,200",116,117,Y
N/A,"11 NORTHSHORE DRIVE, SINGAPORE 828670",Sports and Recreation Centre,N/A,N/A,N/A,No,"16,134",110,127,Y
SAFRA CLUBHOUSE (TAMPINES),"1 TAMPINES STREET 92, SINGAPORE 528882",Sports and Recreation Centre,N/A,N/A,N/A,No,"16,998",151,139,Y
N/A,"131 RIFLE RANGE ROAD, SINGAPORE 588406",Sports and Recreation Centre,N/A,2015,Platinum,Yes,"20,000",157,143,Y
N/A,"1 TANAH MERAH COAST ROAD, SINGAPORE498722",Sports and Recreation Centre,N/A,N/A,N/A,No,"17,930",215,147,Y
N/A,N/A,Sports and Recreation Centre,N/A,N/A,N/A,No,N/A,167,158,N
SINGAPORE RACECOURSE,"1 TURF CLUB AVENUE, SINGAPORE 738078",Sports and Recreation Centre,N/A,N/A,N/A,No,"210,427",161,159,Y
N/A,N/A,Sports and Recreation Centre,N/A,N/A,N/A,No,N/A,169,162,N
N/A,"48 BOON LAY WAY, SINGAPORE 609961",Sports and Recreation Centre,N/A,2018,GoldPlus,Yes,"16,696",189,174,Y
SELETAR COUNTRY CLUB,"101 SELETAR CLUB ROAD, SINGAPORE 798273",Sports and Recreation Centre,N/A,N/A,N/A,No,"16,553",211,193,Y
N/A,"9 SENTUL CRESCENT, SINGAPORE 828654",Sports and Recreation Centre,N/A,2016,Platinum,Yes,"19,995",216,205,Y
ORCHID COUNTRY CLUB,"1 ORCHID CLUB ROAD, SINGAPORE 769162",Sports and Recreation Centre,N/A,N/A,N/A,No,"52,226",213,209,Y
SAFRA CLUBHOUSE (MOUNT FABER),"2 TELOK BLANGAH WAY, SINGAPORE 098803",Sports and Recreation Centre,N/A,N/A,N/A,No,"15,949",268,227,Y
N/A,"2 BUKIT BATOK WEST AVENUE 7, SINGAPORE 659003",Sports and Recreation Centre,N/A,N/A,N/A,No,"19,310",276,255,Y
SAFRA COUNTRY CLUB (YISHUN),"60 YISHUN AVENUE 4, SINGAPORE 769027",Sports and Recreation Centre,N/A,N/A,N/A,No,"16,733",288,270,Y
NATIONAL SERVICE RESORT & COUNTRY CLUB,"10 CHANGI COAST WALK, SINGAPORE 499739",Sports and Recreation Centre,N/A,N/A,N/A,No,"22,482",285,277,Y
SAFRA CLUBHOUSE (TOA PAYOH),"293 LORONG 6 TOA PAYOH, SINGAPORE 319387",Sports and Recreation Centre,N/A,N/A,N/A,No,"16,902",360,355,Y
N/A,"1 PLYMOUTH AVENUE, SINGAPORE 297753",Sports and Recreation Centre,N/A,N/A,N/A,No,"15,660",390,383,Y
N/A,N/A,Sports and Recreation Centre,N/A,N/A,N/A,No,N/A,481,426,N
TUAS SOUTH RECREATION CENTRE,"12 TUAS SOUTH STREET 13, SINGAPORE 636937",Sports and Recreation Centre,N/A,2015,Certified,Yes,"5,648",95,102,Y
SINGAPORE POLO CLUB,"80 MOUNT PLEASANT ROAD, SINGAPORE 298334",Sports and Recreation Centre,N/A,N/A,N/A,No,"8,514",122,107,Y
SINGAPORE KHALSA ASSOCIATION,"2 TESSENSOHN ROAD, SINGAPORE 217646",Sports and Recreation Centre,N/A,2016,Certified,Yes,"4,250",116,122,Y
N/A,"31 BEACH VIEW, SINGAPORE 098008",Sports and Recreation Centre,N/A,2018,Platinum,Yes,"12,962",136,135,Y
TERUSAN RECREATION CENTRE,"1 JALAN PAPAN, SINGAPORE 619392",Sports and Recreation Centre,N/A,2015,Certified,Yes,"5,230",151,147,Y
N/A,"31 AH HOOD ROAD, SINGAPORE 329979",Sports and Recreation Centre,N/A,N/A,N/A,No,"9,205",150,153,Y
N/A,"190 ANG MO KIO AVENUE 8, SINGAPORE 568046",Sports and Recreation Centre,N/A,N/A,N/A,No,"13,433",169,162,Y
N/A,"726 UPPER CHANGI ROAD EAST, SINGAPORE 486046",Sports and Recreation Centre,N/A,N/A,N/A,No,"6,900",159,174,Y
N/A,N/A,Sports and Recreation Centre,N/A,N/A,N/A,No,N/A,134,174,N
N/A,N/A,Sports and Recreation Centre,N/A,N/A,N/A,Yes,N/A,189,175,N
SAFRA CLUBHOUSE (JURONG),"333 BOON LAY WAY, SINGAPORE 649848",Sports and Recreation Centre,N/A,N/A,N/A,No,"14,595",224,208,Y
N/A,N/A,Sports and Recreation Centre,N/A,N/A,N/A,No,N/A,304,314,N
N/A,N/A,Sports and Recreation Centre,N/A,N/A,N/A,No,N/A,329,330,N
N/A,N/A,Sports and Recreation Centre,N/A,N/A,N/A,No,N/A,355,355,N
SENTOSA GOLF CLUB,"27 BUKIT MANIS ROAD, SINGAPORE 099892",Sports and Recreation Centre,N/A,2019,Platinum,Yes,"12,595",392,383,Y
TANGLIN CLUB,"5 STEVENS ROAD, SINGAPORE 257814",Sports and Recreation Centre,N/A,2019,Certified,Yes,"10,707",470,400,Y
AMERICAN CLUB,"21 SCOTTS ROAD, SINGAPORE 228219",Sports and Recreation Centre,N/A,2019,Certified,Yes,"12,001",N/A,444,Y
N/A,"80 RHU CROSS, SINGAPORE 437437",Sports and Recreation Centre,N/A,N/A,N/A,No,"4,321",433,486,Y
SINGAPORE RECREATION CLUB,"B CONNAUGHT DRIVE, SINGAPORE 179682",Sports and Recreation Centre,N/A,N/A,N/A,No,"7,895",473,508,Y
N/A,"81 CHOA CHU KANG WAY, SINGAPORE 688263",Sports and Recreation Centre,N/A,N/A,N/A,No,"11,745","2,327","2,462",Y
N/A,N/A,Sports and Recreation Centre,N/A,N/A,N/A,No,N/A,N/A,N/A,N
N/A,"9 VERNON PARK, SINGAPORE 367828","Civic, Community and Cultural Institution",N/A,N/A,N/A,No,"301,318",45,45,Y
OLD POLICE ACADEMY,"1 MOUNT PLEASANT ROAD, SINGAPORE 298333","Civic, Community and Cultural Institution",N/A,N/A,N/A,No,"30,496",179,109,Y
TRAFFIC POLICE HEADQUARTERS,"10 UBI AVENUE 3, SINGAPORE 408865","Civic, Community and Cultural Institution",N/A,2019,Platinum,Yes,"17,413",187,155,Y
N/A,"2 JURONG WEST AVENUE 5, SINGAPORE 649482","Civic, Community and Cultural Institution",N/A,N/A,N/A,No,"20,488",314,175,Y
N/A,"21 KAMPONG JAVA ROAD, SINGAPORE 228892","Civic, Community and Cultural Institution",N/A,N/A,N/A,No,"21,304",200,194,Y
POLICE COAST GUARD HQ AND POLCOM BUILDING,"11 BRANI WAY, SINGAPORE 098658","Civic, Community and Cultural Institution",N/A,N/A,N/A,No,"39,982",277,231,Y
POLICE COAST GUARD GUL BASE,"9 PIONEER PLACE, SINGAPORE 627864","Civic, Community and Cultural Institution",N/A,N/A,N/A,No,"9,500",59,73,Y
POLICE COAST GUARD LOYANG BASE,"91 LOYANG WAY, SINGAPORE 508773","Civic, Community and Cultural Institution",N/A,N/A,N/A,No,"7,000",77,83,Y
CLEMENTI POLICE DIVISION HEADQUARTERS,"20 CLEMENTI AVENUE 5, SINGAPORE 129858","Civic, Community and Cultural Institution",N/A,N/A,N/A,No,"7,860",219,226,Y
N/A,N/A,"Civic, Community and Cultural Institution",N/A,N/A,N/A,No,N/A,226,233,N
ANG MO KIO POLICE DIVISION HEADQUARTERS,"51 ANG MO KIO AVENUE 9, SINGAPORE 569784","Civic, Community and Cultural Institution",N/A,N/A,N/A,No,"8,632",253,238,Y
N/A,N/A,"Civic, Community and Cultural Institution",N/A,N/A,N/A,No,N/A,298,285,N
N/A,N/A,"Civic, Community and Cultural Institution",N/A,N/A,N/A,No,N/A,"1,338","1,212",N
RAMAKRISHNA MISSION BOYS' HOME,"179 BARTLEY ROAD, SINGAPORE 539784","Civic, Community and Cultural Institution",N/A,N/A,N/A,No,"66,676",3,4,Y
HEARTBEAT @ BEDOK,"11 BEDOK NORTH STREET 1, SINGAPORE 469662","Civic, Community and Cultural Institution",N/A,2017,Platinum,Yes,"42,842",172,185,Y
PELANGI VILLAGE,"8 BUANGKOK GREEN, SINGAPORE 539752","Civic, Community and Cultural Institution",N/A,N/A,N/A,No,"4,627",19,20,Y
GOOD SHEPHERD PLACE,"9 LORONG 8 TOA PAYOH, SINGAPORE 319253","Civic, Community and Cultural Institution",N/A,N/A,N/A,No,"9,062",24,24,Y
N/A,"50 LORONG 34 GEYLANG, SINGAPORE 398239","Civic, Community and Cultural Institution",N/A,N/A,N/A,No,"6,101",27,30,Y
MUHAMMADIYAH WELFARE HOME,"58 BEDOK NORTH STREET 3, SINGAPORE 469624","Civic, Community and Cultural Institution",N/A,N/A,N/A,No,"6,144",29,31,Y
LITTLE SISTERS OF THE POOR,"49 UPPER THOMSON ROAD, SINGAPORE 574325","Civic, Community and Cultural Institution",N/A,N/A,N/A,No,"13,002",36,37,Y
HOME @ HONG SAN,"28 HONG SAN TERRACE, SINGAPORE 688247","Civic, Community and Cultural Institution",N/A,2019,GoldPlus,Yes,"5,095",47,46,Y
GRACEHAVEN,"3 LORONG NAPIRI, SINGAPORE 547528","Civic, Community and Cultural Institution",N/A,N/A,N/A,No,"6,533",51,51,Y
DIOCESAN CENTRE BUILDING,"1 FRANCIS THOMAS DRIVE, SINGAPORE 359340","Civic, Community and Cultural Institution",N/A,N/A,N/A,No,"6,691",51,53,Y
PELANGI VILLAGE,"10 BUANGKOK GREEN, SINGAPORE 539753","Civic, Community and Cultural Institution",N/A,N/A,N/A,No,"6,892",56,54,Y
ANGLICAN CARE CENTRE (SIMEI),"10 SIMEI STREET 3, SINGAPORE 529897","Civic, Community and Cultural Institution",N/A,N/A,N/A,No,"9,132",60,56,Y
PELANGI VILLAGE,"14 BUANGKOK GREEN, SINGAPORE 539755","Civic, Community and Cultural Institution",N/A,N/A,N/A,No,"6,762",65,65,Y
N/A,N/A,"Civic, Community and Cultural Institution",N/A,N/A,N/A,No,N/A,65,65,N
PELANGI VILLAGE,"6 BUANGKOK GREEN, SINGAPORE 539751","Civic, Community and Cultural Institution",N/A,N/A,N/A,No,"6,520",66,68,Y
PELANGI VILLAGE,"12 BUANGKOK GREEN, SINGAPORE 539754","Civic, Community and Cultural Institution",N/A,N/A,N/A,No,"6,796",71,68,Y
HOME FOR THE AGED,"11 BUKIT BATOK WEST AVENUE 2, SINGAPORE 659205","Civic, Community and Cultural Institution",N/A,N/A,N/A,No,"6,200",73,68,Y
PELANGI VILLAGE,"4 BUANGKOK GREEN, SINGAPORE 539750","Civic, Community and Cultural Institution",N/A,N/A,N/A,No,"6,685",67,69,Y
HOME FOR THE AGED,"1 TAMPINES AVENUE 3, SINGAPORE 529707","Civic, Community and Cultural Institution",N/A,N/A,N/A,No,"5,797",67,70,Y
HIGHLAND TERRACE,"2 HIGHLAND ROAD, SINGAPORE 549102","Civic, Community and Cultural Institution",N/A,N/A,N/A,No,"3,065",73,72,Y
HOME FOR THE AGED,"51 MARSILING DRIVE, SINGAPORE 739297","Civic, Community and Cultural Institution",N/A,N/A,N/A,No,"5,709",83,82,Y
LEE KUO CHUAN OLD PEOPLES HOME,"500 UPPER BUKIT TIMAH ROAD, SINGAPORE 678106","Civic, Community and Cultural Institution",N/A,N/A,N/A,No,"10,771",82,87,Y
SINGAPORE ASSN OF THE VISUALLY HANDICAPPED,"47 TOA PAYOH RISE, SINGAPORE 298104","Civic, Community and Cultural Institution",N/A,N/A,N/A,No,942,89,89,Y
SALVATION ARMY,"20 BISHAN STREET 22, SINGAPORE 579768","Civic, Community and Cultural Institution",N/A,N/A,N/A,No,"6,484",95,95,Y
LAM ANN BUILDING,"30 MOHAMED SULTAN ROAD, SINGAPORE 238974","Civic, Community and Cultural Institution",N/A,N/A,N/A,No,"2,000",94,96,Y
N/A,"20 SEMBAWANG CRESCENT, SINGAPORE 757092","Civic, Community and Cultural Institution",N/A,N/A,N/A,No,"6,572",96,101,Y
FU HUI LINK,"19 COMPASSVALE WALK, SINGAPORE 544644","Civic, Community and Cultural Institution",N/A,N/A,N/A,No,"10,139",82,103,Y
PELANGI VILLAGE,"2 BUANGKOK GREEN, SINGAPORE 539749","Civic, Community and Cultural Institution",N/A,N/A,N/A,No,"6,236",102,103,Y
N/A,N/A,"Civic, Community and Cultural Institution",N/A,N/A,N/A,No,N/A,106,106,N
SREE NARAYANA MISSION HOME FOR THE AGED SICK,"12 YISHUN AVENUE 5, SINGAPORE 768992","Civic, Community and Cultural Institution",N/A,N/A,N/A,No,"6,793",133,111,Y
SINGAPORE MANUFACTURING FEDERATION BUILDING,"2985 JALAN BUKIT MERAH, SINGAPORE 159457","Civic, Community and Cultural Institution",N/A,N/A,N/A,No,"7,676",113,114,Y
YMCA,"1 ORCHARD ROAD, SINGAPORE 238824","Civic, Community and Cultural Institution",N/A,2017,GoldPlus,Yes,"8,710",122,117,Y
N/A,"60 BUANGKOK VIEW, SINGAPORE 534012","Civic, Community and Cultural Institution",N/A,N/A,N/A,No,"9,094",118,118,Y
N/A,"31 WOODLANDS AVENUE 6, SINGAPORE 738991","Civic, Community and Cultural Institution",N/A,N/A,N/A,No,"4,175",106,125,Y
BOY'S TOWN,"624 UPPER BUKIT TIMAH ROAD, SINGAPORE 678212","Civic, Community and Cultural Institution",N/A,2013,Legislated,Yes,"3,206",150,163,Y
LIGHTHOUSE SCHOOL,"51 TOA PAYOH RISE, SINGAPORE 298106","Civic, Community and Cultural Institution",N/A,N/A,N/A,No,619,160,177,Y
SENGKANG COMMUNITY HUB,"2 SENGKANG SQUARE, SINGAPORE 545025","Civic, Community and Cultural Institution",N/A,N/A,N/A,No,"11,472",184,178,Y
N/A,N/A,"Civic, Community and Cultural Institution",N/A,N/A,N/A,No,N/A,198,180,N
CI YUAN COMMUNITY CLUB,"51 HOUGANG AVENUE 9, SINGAPORE 538776","Civic, Community and Cultural Institution",N/A,N/A,N/A,No,"10,928",204,198,Y
ULU PANDAN COMMUNITY CENTRE,"170 GHIM MOH ROAD, SINGAPORE 279621","Civic, Community and Cultural Institution",N/A,N/A,N/A,No,"8,269",216,206,Y
JAPANESE CLUB,"120 ADAM ROAD, SINGAPORE 289899","Civic, Community and Cultural Institution",N/A,N/A,N/A,No,"7,401",315,308,Y
MARINE PARADE COMMUNITY CENTRE,"278 MARINE PARADE ROAD, SINGAPORE 449282","Civic, Community and Cultural Institution",N/A,N/A,N/A,No,"5,340",461,343,Y
N/A,"190 KENG LEE ROAD, SINGAPORE 308409","Civic, Community and Cultural Institution",N/A,N/A,N/A,No,"6,118",350,388,Y
SINGAPORE CHINESE CULTURAL CENTRE,"1 STRAITS BOULEVARD, SINGAPORE 018906","Civic, Community and Cultural Institution",N/A,2017,Platinum,Yes,"15,123",82,84,Y
NATIONAL GALLERY SINGAPORE,"1 ST. ANDREWS ROAD, SINGAPORE 178957","Civic, Community and Cultural Institution",N/A,2012,GoldPlus,Yes,"64,469",177,172,Y
N/A,"32 JURONG PORT ROAD, SINGAPORE 619104","Civic, Community and Cultural Institution",N/A,N/A,N/A,No,"20,940",309,287,Y
NATIONAL MUSEUM OF SINGAPORE,"93 STAMFORD ROAD, SINGAPORE 178897","Civic, Community and Cultural Institution",N/A,N/A,N/A,No,"20,121",489,450,Y
KALLANG THEATRE,"1 STADIUM WALK, SINGAPORE 397688","Civic, Community and Cultural Institution",N/A,N/A,N/A,No,"12,098",111,57,Y
SINGAPORE CONFERENCE HALL,"7 SHENTON WAY, SINGAPORE 068810","Civic, Community and Cultural Institution",N/A,N/A,N/A,No,"8,630",180,178,Y
THE ARTS HOUSE AT THE OLD PARLIAMENT,"1 OLD PARLIAMENT LANE, SINGAPORE 179429","Civic, Community and Cultural Institution",N/A,N/A,N/A,No,"4,480",263,278,Y
,,,,,,,,,,
,,,,,,,,,,
,,,,,,,,,,
,,,,,,,,,,
,,,,,,,,,,
,,,,,,,,,,
,,,,,,,,,,
,,,,,,,,,,
,,,,,,,,,,
,,,,,,,,,,
,,,,,,,,,,
,,,,,,,,,,
,,,,,,,,,,
,,,,,,,,,,
,,,,,,,,,,
,,,,,,,,,,
,,,,,,,,,,
,,,,,,,,,,
,,,,,,,,,,
,,,,,,,,,,
,,,,,,,,,,
,,,,,,,,,,
,,,,,,,,,,
,,,,,,,,,,
,,,,,,,,,,
,,,,,,,,,,
,,,,,,,,,,
,,,,,,,,,,
,,,,,,,,,,
,,,,,,,,,,
,,,,,,,,,,
,,,,,,,,,,
,,,,,,,,,,
,,,,,,,,,,
,,,,,,,,,,
,,,,,,,,,,
,,,,,,,,,,
,,,,,,,,,,
,,,,,,,,,,
,,,,,,,,,,
,,,,,,,,,,
,,,,,,,,,,
,,,,,,,,,,
,,,,,,,,,,
,,,,,,,,,,
,,,,,,,,,,
,,,,,,,,,,
,,,,,,,,,,
,,,,,,,,,,
,,,,,,,,,,
,,,,,,,,,,
,,,,,,,,,,
,,,,,,,,,,
,,,,,,,,,,
,,,,,,,,,,
,,,,,,,,,,
,,,,,,,,,,
,,,,,,,,,,
,,,,,,,,,,
,,,,,,,,,,
,,,,,,,,,,
,,,,,,,,,,
,,,,,,,,,,
,,,,,,,,,,
,,,,,,,,,,
,,,,,,,,,,
,,,,,,,,,,
,,,,,,,,,,
,,,,,,,,,,
,,,,,,,,,,
,,,,,,,,,,
,,,,,,,,,,
,,,,,,,,,,
,,,,,,,,,,
,,,,,,,,,,
,,,,,,,,,,
,,,,,,,,,,
,,,,,,,,,,
,,,,,,,,,,
,,,,,,,,,,
,,,,,,,,,,
,,,,,,,,,,
,,,,,,,,,,
,,,,,,,,,,
,,,,,,,,,,
,,,,,,,,,,
,,,,,,,,,,
,,,,,,,,,,
,,,,,,,,,,
,,,,,,,,,,
,,,,,,,,,,
,,,,,,,,,,
,,,,,,,,,,
,,,,,,,,,,
,,,,,,,,,,
,,,,,,,,,,
,,,,,,,,,,
,,,,,,,,,,
,,,,,,,,,,
,,,,,,,,,,
,,,,,,,,,,
,,,,,,,,,,
,,,,,,,,,,
,,,,,,,,,,
,,,,,,,,,,
,,,,,,,,,,
,,,,,,,,,,
,,,,,,,,,,
,,,,,,,,,,
,,,,,,,,,,
,,,,,,,,,,
,,,,,,,,,,
,,,,,,,,,,
,,,,,,,,,,
,,,,,,,,,,
,,,,,,,,,,
,,,,,,,,,,
,,,,,,,,,,
,,,,,,,,,,
,,,,,,,,,,
,,,,,,,,,,
,,,,,,,,,,
,,,,,,,,,,
,,,,,,,,,,
,,,,,,,,,,
,,,,,,,,,,
,,,,,,,,,,
,,,,,,,,,,
,,,,,,,,,,
,,,,,,,,,,
,,,,,,,,,,
,,,,,,,,,,
,,,,,,,,,,
,,,,,,,,,,
,,,,,,,,,,
,,,,,,,,,,
,,,,,,,,,,
,,,,,,,,,,
,,,,,,,,,,
,,,,,,,,,,
,,,,,,,,,,
,,,,,,,,,,
,,,,,,,,,,
,,,,,,,,,,
,,,,,,,,,,
,,,,,,,,,,
,,,,,,,,,,
,,,,,,,,,,
,,,,,,,,,,
,,,,,,,,,,
,,,,,,,,,,
,,,,,,,,,,
,,,,,,,,,,
,,,,,,,,,,
,,,,,,,,,,
,,,,,,,,,,
,,,,,,,,,,
,,,,,,,,,,
,,,,,,,,,,
,,,,,,,,,,
,,,,,,,,,,
,,,,,,,,,,
,,,,,,,,,,
,,,,,,,,,,
,,,,,,,,,,
,,,,,,,,,,
,,,,,,,,,,
,,,,,,,,,,
,,,,,,,,,,
,,,,,,,,,,
,,,,,,,,,,
,,,,,,,,,,
,,,,,,,,,,
,,,,,,,,,,
,,,,,,,,,,
,,,,,,,,,,
,,,,,,,,,,
,,,,,,,,,,
,,,,,,,,,,
,,,,,,,,,,
,,,,,,,,,,
,,,,,,,,,,
,,,,,,,,,,
,,,,,,,,,,
,,,,,,,,,,
,,,,,,,,,,
,,,,,,,,,,
,,,,,,,,,,
,,,,,,,,,,
,,,,,,,,,,
,,,,,,,,,,
,,,,,,,,,,
,,,,,,,,,,
,,,,,,,,,,
,,,,,,,,,,
,,,,,,,,,,
,,,,,,,,,,
,,,,,,,,,,
,,,,,,,,,,
,,,,,,,,,,
,,,,,,,,,,
,,,,,,,,,,
,,,,,,,,,,
,,,,,,,,,,
,,,,,,,,,,
,,,,,,,,,,
,,,,,,,,,,
,,,,,,,,,,
,,,,,,,,,,
,,,,,,,,,,
,,,,,,,,,,
,,,,,,,,,,
,,,,,,,,,,
,,,,,,,,,,
,,,,,,,,,,
,,,,,,,,,,
,,,,,,,,,,
,,,,,,,,,,
,,,,,,,,,,
,,,,,,,,,,
,,,,,,,,,,
,,,,,,,,,,
,,,,,,,,,,
,,,,,,,,,,
,,,,,,,,,,
,,,,,,,,,,
,,,,,,,,,,
,,,,,,,,,,
,,,,,,,,,,
,,,,,,,,,,
,,,,,,,,,,
,,,,,,,,,,
,,,,,,,,,,
,,,,,,,,,,
,,,,,,,,,,
,,,,,,,,,,
,,,,,,,,,,
,,,,,,,,,,
,,,,,,,,,,
,,,,,,,,,,
,,,,,,,,,,
,,,,,,,,,,
,,,,,,,,,,
,,,,,,,,,,
,,,,,,,,,,
,,,,,,,,,,
,,,,,,,,,,
,,,,,,,,,,
,,,,,,,,,,
,,,,,,,,,,
,,,,,,,,,,
,,,,,,,,,,
,,,,,,,,,,
,,,,,,,,,,
,,,,,,,,,,
,,,,,,,,,,
,,,,,,,,,,
,,,,,,,,,,
,,,,,,,,,,
,,,,,,,,,,
,,,,,,,,,,
,,,,,,,,,,
,,,,,,,,,,
,,,,,,,,,,
,,,,,,,,,,
,,,,,,,,,,
,,,,,,,,,,
,,,,,,,,,,
,,,,,,,,,,
,,,,,,,,,,
,,,,,,,,,,
,,,,,,,,,,
,,,,,,,,,,
,,,,,,,,,,
,,,,,,,,,,
,,,,,,,,,,
,,,,,,,,,,
,,,,,,,,,,
,,,,,,,,,,
,,,,,,,,,,
,,,,,,,,,,
,,,,,,,,,,
,,,,,,,,,,
,,,,,,,,,,
,,,,,,,,,,
,,,,,,,,,,
,,,,,,,,,,
,,,,,,,,,,
,,,,,,,,,,
,,,,,,,,,,
,,,,,,,,,,
,,,,,,,,,,
,,,,,,,,,,
,,,,,,,,,,
,,,,,,,,,,
,,,,,,,,,,
,,,,,,,,,,
,,,,,,,,,,
,,,,,,,,,,
,,,,,,,,,,
,,,,,,,,,,
,,,,,,,,,,
,,,,,,,,,,
,,,,,,,,,,
,,,,,,,,,,
,,,,,,,,,,
,,,,,,,,,,
,,,,,,,,,,
,,,,,,,,,,
,,,,,,,,,,
,,,,,,,,,,
,,,,,,,,,,
,,,,,,,,,,
,,,,,,,,,,
,,,,,,,,,,
,,,,,,,,,,
,,,,,,,,,,
,,,,,,,,,,
,,,,,,,,,,
,,,,,,,,,,
,,,,,,,,,,
,,,,,,,,,,
,,,,,,,,,,
,,,,,,,,,,
,,,,,,,,,,
,,,,,,,,,,
,,,,,,,,,,
,,,,,,,,,,
,,,,,,,,,,
,,,,,,,,,,
,,,,,,,,,,
,,,,,,,,,,
,,,,,,,,,,
,,,,,,,,,,
,,,,,,,,,,
,,,,,,,,,,
,,,,,,,,,,
,,,,,,,,,,
,,,,,,,,,,
,,,,,,,,,,
,,,,,,,,,,
,,,,,,,,,,
,,,,,,,,,,
,,,,,,,,,,
,,,,,,,,,,
,,,,,,,,,,
,,,,,,,,,,
,,,,,,,,,,
,,,,,,,,,,
,,,,,,,,,,
,,,,,,,,,,
,,,,,,,,,,
,,,,,,,,,,
,,,,,,,,,,
,,,,,,,,,,
,,,,,,,,,,
,,,,,,,,,,
,,,,,,,,,,
,,,,,,,,,,
,,,,,,,,,,
,,,,,,,,,,
,,,,,,,,,,
,,,,,,,,,,
,,,,,,,,,,
,,,,,,,,,,
,,,,,,,,,,
,,,,,,,,,,
,,,,,,,,,,
,,,,,,,,,,
,,,,,,,,,,
,,,,,,,,,,
,,,,,,,,,,
,,,,,,,,,,
,,,,,,,,,,
,,,,,,,,,,
,,,,,,,,,,
,,,,,,,,,,
,,,,,,,,,,
,,,,,,,,,,
,,,,,,,,,,
,,,,,,,,,,
,,,,,,,,,,
,,,,,,,,,,
,,,,,,,,,,
,,,,,,,,,,
,,,,,,,,,,
,,,,,,,,,,
,,,,,,,,,,
,,,,,,,,,,
,,,,,,,,,,
,,,,,,,,,,
,,,,,,,,,,
,,,,,,,,,,
,,,,,,,,,,
,,,,,,,,,,
,,,,,,,,,,
,,,,,,,,,,
,,,,,,,,,,
,,,,,,,,,,
,,,,,,,,,,
,,,,,,,,,,
,,,,,,,,,,
,,,,,,,,,,
,,,,,,,,,,
,,,,,,,,,,
,,,,,,,,,,
,,,,,,,,,,
,,,,,,,,,,
,,,,,,,,,,
,,,,,,,,,,
,,,,,,,,,,
,,,,,,,,,,
,,,,,,,,,,
,,,,,,,,,,
,,,,,,,,,,
,,,,,,,,,,
,,,,,,,,,,
,,,,,,,,,,
,,,,,,,,,,
,,,,,,,,,,
,,,,,,,,,,
,,,,,,,,,,
,,,,,,,,,,
,,,,,,,,,,
,,,,,,,,,,
,,,,,,,,,,
,,,,,,,,,,
,,,,,,,,,,
,,,,,,,,,,
,,,,,,,,,,
,,,,,,,,,,
,,,,,,,,,,
,,,,,,,,,,
,,,,,,,,,,
,,,,,,,,,,
,,,,,,,,,,
,,,,,,,,,,
,,,,,,,,,,
,,,,,,,,,,
,,,,,,,,,,
,,,,,,,,,,
,,,,,,,,,,
,,,,,,,,,,
,,,,,,,,,,
,,,,,,,,,,
,,,,,,,,,,
,,,,,,,,,,
,,,,,,,,,,
,,,,,,,,,,
,,,,,,,,,,
,,,,,,,,,,
,,,,,,,,,,
,,,,,,,,,,
,,,,,,,,,,
,,,,,,,,,,
,,,,,,,,,,
,,,,,,,,,,
,,,,,,,,,,
,,,,,,,,,,
,,,,,,,,,,
,,,,,,,,,,
,,,,,,,,,,
,,,,,,,,,,
,,,,,,,,,,
,,,,,,,,,,
,,,,,,,,,,
,,,,,,,,,,
,,,,,,,,,,
,,,,,,,,,,
,,,,,,,,,,
,,,,,,,,,,
,,,,,,,,,,
,,,,,,,,,,
,,,,,,,,,,
,,,,,,,,,,
,,,,,,,,,,
,,,,,,,,,,
,,,,,,,,,,
,,,,,,,,,,
,,,,,,,,,,
,,,,,,,,,,
,,,,,,,,,,
,,,,,,,,,,
,,,,,,,,,,
,,,,,,,,,,
,,,,,,,,,,
,,,,,,,,,,
,,,,,,,,,,
,,,,,,,,,,
,,,,,,,,,,
,,,,,,,,,,
,,,,,,,,,,
,,,,,,,,,,
,,,,,,,,,,
,,,,,,,,,,
,,,,,,,,,,
,,,,,,,,,,
,,,,,,,,,,
,,,,,,,,,,
,,,,,,,,,,
,,,,,,,,,,
,,,,,,,,,,
,,,,,,,,,,
,,,,,,,,,,
,,,,,,,,,,
,,,,,,,,,,
,,,,,,,,,,
,,,,,,,,,,
,,,,,,,,,,
,,,,,,,,,,
,,,,,,,,,,
,,,,,,,,,,
,,,,,,,,,,
,,,,,,,,,,
,,,,,,,,,,
,,,,,,,,,,
,,,,,,,,,,
,,,,,,,,,,
,,,,,,,,,,
,,,,,,,,,,
,,,,,,,,,,
,,,,,,,,,,
,,,,,,,,,,
,,,,,,,,,,
,,,,,,,,,,
,,,,,,,,,,
,,,,,,,,,,
,,,,,,,,,,
,,,,,,,,,,
,,,,,,,,,,
,,,,,,,,,,
,,,,,,,,,,
,,,,,,,,,,
,,,,,,,,,,
,,,,,,,,,,
,,,,,,,,,,
,,,,,,,,,,
,,,,,,,,,,
,,,,,,,,,,
,,,,,,,,,,
,,,,,,,,,,
,,,,,,,,,,
,,,,,,,,,,
,,,,,,,,,,
,,,,,,,,,,
,,,,,,,,,,
,,,,,,,,,,
,,,,,,,,,,
,,,,,,,,,,
,,,,,,,,,,
,,,,,,,,,,
,,,,,,,,,,
,,,,,,,,,,
,,,,,,,,,,
,,,,,,,,,,
,,,,,,,,,,
,,,,,,,,,,
,,,,,,,,,,
,,,,,,,,,,
,,,,,,,,,,
,,,,,,,,,,
,,,,,,,,,,
,,,,,,,,,,
,,,,,,,,,,
,,,,,,,,,,
,,,,,,,,,,
,,,,,,,,,,
,,,,,,,,,,
,,,,,,,,,,
,,,,,,,,,,
,,,,,,,,,,
,,,,,,,,,,
,,,,,,,,,,
,,,,,,,,,,
,,,,,,,,,,
,,,,,,,,,,
,,,,,,,,,,
,,,,,,,,,,
,,,,,,,,,,
,,,,,,,,,,
,,,,,,,,,,
,,,,,,,,,,
,,,,,,,,,,
,,,,,,,,,,
,,,,,,,,,,
,,,,,,,,,,
,,,,,,,,,,
,,,,,,,,,,
,,,,,,,,,,
,,,,,,,,,,
,,,,,,,,,,
,,,,,,,,,,
,,,,,,,,,,
,,,,,,,,,,
,,,,,,,,,,
,,,,,,,,,,
,,,,,,,,,,
,,,,,,,,,,
,,,,,,,,,,
,,,,,,,,,,
,,,,,,,,,,
,,,,,,,,,,
,,,,,,,,,,
,,,,,,,,,,
,,,,,,,,,,
,,,,,,,,,,
,,,,,,,,,,
,,,,,,,,,,
,,,,,,,,,,
,,,,,,,,,,
,,,,,,,,,,
,,,,,,,,,,
,,,,,,,,,,
,,,,,,,,,,
,,,,,,,,,,
,,,,,,,,,,
,,,,,,,,,,
,,,,,,,,,,
,,,,,,,,,,
,,,,,,,,,,
,,,,,,,,,,
,,,,,,,,,,
,,,,,,,,,,
,,,,,,,,,,
,,,,,,,,,,
,,,,,,,,,,
,,,,,,,,,,
,,,,,,,,,,
,,,,,,,,,,
,,,,,,,,,,
,,,,,,,,,,
,,,,,,,,,,
,,,,,,,,,,
,,,,,,,,,,
,,,,,,,,,,
,,,,,,,,,,
,,,,,,,,,,
,,,,,,,,,,
,,,,,,,,,,
,,,,,,,,,,